{
"type": "FeatureCollection",
"name": "us_states_east",
"crs": { "type": "name", "properties": { "name": "urn:ogc:def:crs:OGC:1.3:CRS84" } },
"features": [
{"type":"Feature","properties":{"STUSPS":"AL","NAME":"Alabama"},"geometry":{"type":"Polygon","coordinates":[[[-88.468661686693338,31.89385317399238],[-88.09788831425054,34.892199834746584],[-88.154617353799438,34.92238973932681],[-88.202959310069176,35.008027943315057],[-85.605165015773323,34.984678002210003],[-85.184400854547889,32.861315737951742],[-85.069848121656648,32.583145098690871],[-84.97183108591824,32.442842265387775],[-85.008096706311932,32.336676245991065],[-84.891841684989387,32.263397475680925],[-85.058750911560125,32.136016827868254],[-85.067831671677425,31.967356408257078],[-85.141833116958125,31.839259394434581],[-85.125531498776894,31.6949634932744],[-85.058170080142176,31.620225673504148],[-85.041881720278653,31.544682606708125],[-85.107515884614969,31.186449413293829],[-85.035614985867767,31.10819045722663],[-85.002498776059937,31.000680406185577],[-87.598935709589568,30.997416076080423],[-87.634941767778272,30.86585116392876],[-87.523619950118231,30.73827939229858],[-87.400187993922586,30.657195559072225],[-87.444721147887478,30.507478620020308],[-87.36660019223612,30.436637678028294],[-87.431783031519274,30.403187625848869],[-87.452280902514914,30.344091598561945],[-87.51832265843764,30.280429489643701],[-87.893199873845404,30.239230380380402],[-87.806464440902516,30.279791831342123],[-87.796715450863175,30.324191906605634],[-87.933353789503798,30.487350768860214],[-87.901709710317718,30.550872945097073],[-87.93106860930537,30.652688129643575],[-88.00839452935675,30.684950228248614],[-88.061996762279009,30.644885157091984],[-88.136172702702481,30.320722283436226],[-88.257764144151849,30.318926517532624],[-88.311608294732139,30.368901979306983],[-88.395023744236497,30.369419546628919],[-88.468661686693338,31.89385317399238]]]}},
{"type":"Feature","properties":{"STUSPS":"AR","NAME":"Arkansas"},"geometry":{"type":"Polygon","coordinates":[[[-94.617918343291279,36.499410161331262],[-90.153871116562073,36.495344263064382],[-90.131038142716903,36.415069265821955],[-90.066136168760778,36.386272121877489],[-90.063980191484944,36.303038114203012],[-90.294492088193948,36.112949991531302],[-90.368717737126858,35.995808745652987],[-89.733095000891723,36.000604987355786],[-89.647270001414014,35.894917823164832],[-89.722633995859439,35.873715912911706],[-89.723425993011517,35.809380374039776],[-89.8638739935422,35.747591365113387],[-89.915490998824509,35.754916588438881],[-89.956588989705878,35.695485794532033],[-89.876547987026896,35.626652432708582],[-89.932499979278958,35.607864682742402],[-89.958497966007286,35.541702794551988],[-90.037614947037937,35.550329129617943],[-90.022063918599216,35.457374984161817],[-90.045305894916538,35.415434992663229],[-90.112503890976441,35.410153215209341],[-90.087902877476182,35.363270030337191],[-90.166593888201703,35.274588049541265],[-90.097946849210018,35.24998281420519],[-90.090610118535821,35.118285900274607],[-90.160058148932805,35.128828973019161],[-90.197146351973203,35.050729272192193],[-90.30069732494718,35.02879136410224],[-90.309297368637033,34.995692170374035],[-90.244475897666874,34.937593211244192],[-90.250094880224779,34.907317211215187],[-90.463794925255598,34.834920291421618],[-90.587224048276198,34.615729699996429],[-90.549243921931648,34.568098773580381],[-90.575336076892654,34.41514975345504],[-90.641398251435717,34.383866692850852],[-90.660404366668644,34.335757624621465],[-90.729131430396535,34.364203657979395],[-90.765174539653529,34.3428156428634],[-90.752681581001255,34.289263578204611],[-90.894561064605838,34.224377672549124],[-90.882702021223366,34.184361657282082],[-90.946324127900638,34.109371715580217],[-90.874541981250232,34.072038638708598],[-90.892420996800112,34.0268576532971],[-91.088697175397257,33.961331756824855],[-91.03596212719404,33.943755726864417],[-91.026383112024391,33.907977694394333],[-91.061248113038602,33.877502699573725],[-91.02678307735367,33.763639580722554],[-91.111495040330809,33.774565714315678],[-91.143288003928447,33.747138754320538],[-91.07539008731267,33.714400579665288],[-91.100981143704743,33.660548521344289],[-91.178312126249864,33.651106645884838],[-91.130903200088852,33.610916485120512],[-91.215672306345127,33.529420514696064],[-91.113765561852844,33.393121166501935],[-91.142220676056382,33.348986178848385],[-91.125540798866027,33.28025209876386],[-91.086138753787438,33.273649043173194],[-91.068709771674207,33.232932978079646],[-91.104318864995108,33.131594811872347],[-91.153016953585208,33.135089833039977],[-91.180838022140406,33.098360745359543],[-91.120380922667565,33.054526651510557],[-91.166075019590991,33.0041026567825],[-94.042966999424166,33.019216796781627],[-94.043431421293107,33.551423068642855],[-94.183398664240542,33.592210283760714],[-94.354168777268228,33.556450539484587],[-94.485878049640846,33.637865514349876],[-94.431517461121416,35.369590040598382],[-94.617918343291279,36.499410161331262]]]}},
{"type":"Feature","properties":{"STUSPS":"CT","NAME":"Connecticut"},"geometry":{"type":"Polygon","coordinates":[[[-73.727774996775395,41.100695748488839],[-73.482708731471504,41.212759587574929],[-73.550960765836749,41.295421564505432],[-73.487314554167639,42.049637857643262],[-72.847141487388555,42.036893577122918],[-72.810077447798108,41.998315519326532],[-72.735495528537029,42.036398460383836],[-71.800650779015243,42.02356898306347],[-71.797682890071002,41.416709615341311],[-71.839648762991956,41.412119521185382],[-71.860512384268091,41.320248377521295],[-72.201421082157708,41.315696851706782],[-72.547234167224275,41.250498722222112],[-72.935644576878843,41.258496921566433],[-73.108351063775217,41.153717783114004],[-73.202655364348871,41.158095756754172],[-73.26235756849708,41.117495753373724],[-73.372295702555519,41.104019804031672],[-73.354230697969257,41.08563881844325],[-73.387226758306099,41.058246879485516],[-73.657335993071797,40.985170865564626],[-73.727774996775395,41.100695748488839]]]}},
{"type":"Feature","properties":{"STUSPS":"DC","NAME":"District of Columbia"},"geometry":{"type":"Polygon","coordinates":[[[-77.119756178099237,38.934343169878822],[-77.041015211440254,38.995548272019519],[-76.909389729092453,38.892852337324655],[-77.039002708307592,38.791645010151804],[-77.039095897188588,38.86811210831695],[-77.119756178099237,38.934343169878822]]]}},
{"type":"Feature","properties":{"STUSPS":"DE","NAME":"Delaware"},"geometry":{"type":"Polygon","coordinates":[[[-75.773784285893868,39.722201428004809],[-75.662844398659558,39.821426295122919],[-75.570431153311361,39.839186028424351],[-75.415060245977926,39.801920321206346],[-75.559443934659271,39.629813867117328],[-75.512729806688142,39.578001833677966],[-75.528085755435498,39.498116306378272],[-75.59306594433194,39.479188920405889],[-75.408373738275529,39.264700413434575],[-75.396275043411848,39.057886383028894],[-75.340888296292491,39.019962317139893],[-75.304076296874427,38.913162515137905],[-75.159019291742624,38.790196219182391],[-75.089470592914608,38.797201357039427],[-75.048932712512652,38.451267673958853],[-75.693715064081147,38.460129423317781],[-75.773784285893868,39.722201428004809]]]}},
{"type":"Feature","properties":{"STUSPS":"FL","NAME":"Florida"},"geometry":{"type":"MultiPolygon","coordinates":[[[[-81.812538706081725,24.545467103381377],[-81.7512690295585,24.653515243785105],[-81.443513649552273,24.81336347934397],[-81.305057903032605,24.755184577540494],[-81.243235670081461,24.673997560447599],[-81.401892646562814,24.623543090753255],[-81.443918727539014,24.642676013408831],[-81.68524596504821,24.558674451766159],[-81.812538706081725,24.545467103381377]]],[[[-82.028093460051238,24.498713410509477],[-81.983910689486947,24.580679516804842],[-81.868713772464659,24.584117897240407],[-81.918857511823688,24.498128761066383],[-82.028093460051238,24.498713410509477]]],[[[-82.188033638859977,24.574696020291846],[-82.14410175620614,24.622478132523376],[-82.086645690108341,24.590068260123626],[-82.100759548434169,24.53328522478883],[-82.179456538433598,24.529467027936491],[-82.188033638859977,24.574696020291846]]],[[[-87.634941767778272,30.86585116392876],[-87.598935709589568,30.997416076080423],[-85.002498776059937,31.000680406185577],[-84.935697422510245,30.878701522903306],[-84.918149039790592,30.772080501719774],[-84.864691224532407,30.711540081903088],[-82.218604873597457,30.564390182497792],[-82.180041123382907,30.368606437540191],[-82.094707208263756,30.360762876315501],[-82.040764252151789,30.370141053941765],[-82.028230253684811,30.447381681216307],[-82.032665656865106,30.750670289944228],[-81.943185572270764,30.827433265404025],[-81.73223654625869,30.749631866852564],[-81.427418370908129,30.698017376298015],[-81.43406168419024,30.522566708269725],[-81.256707991501202,29.784691369341726],[-80.966172908029264,29.147958080986538],[-80.58388051295195,28.597703295145539],[-80.525090365056116,28.459452368994057],[-80.587809301097423,28.410854327296171],[-80.606870213276707,28.336482354345417],[-80.589971033483906,28.177988449444992],[-80.383690703052139,27.740043655291686],[-80.046260460083388,26.859236727428222],[-80.035360696040172,26.612344697964637],[-80.109564590376166,26.087163875844634],[-80.109952188880314,25.81825894163709],[-80.154971708171388,25.665489120529763],[-80.229106442366856,25.732508360087845],[-80.301463895123391,25.613298610767092],[-80.337049492971033,25.465620825831525],[-80.310360863029885,25.389706869967348],[-80.234849778190437,25.421959590199364],[-80.176024304747983,25.521153234868795],[-80.163156631841872,25.452183292482474],[-80.358184592167675,25.153228462118669],[-80.6511906490705,24.86613218554006],[-80.966247644821848,24.707852512605275],[-81.103376152115743,24.66946299927503],[-81.148721378705389,24.710476958541243],[-80.847472867504834,24.851754228213501],[-80.610870517409083,25.006996249512966],[-80.516572400231198,25.095457939316489],[-80.49539516940483,25.199808675352951],[-80.650532932304543,25.189098070541423],[-80.747746902795072,25.147442334754199],[-80.812133776974349,25.186040525499614],[-81.079860156965779,25.118799149329508],[-81.17090730166916,25.245859474884764],[-81.146764437311333,25.407579270333461],[-81.289898744953021,25.673555865614293],[-81.355983367678462,25.703527784259013],[-81.3838069715232,25.776752604805257],[-81.614731357298339,25.89397826316624],[-81.672629409873707,25.8566552280674],[-81.727082403192838,25.907208036946994],[-81.84455134768956,26.327712339763618],[-81.923607240070311,26.436658338431076],[-82.013909162306902,26.452058284125581],[-82.075011168479961,26.422059245311772],[-82.180713039167301,26.476257200739532],[-82.314273204003356,26.858383850116748],[-82.539715926545867,27.254326164168763],[-82.743013390096053,27.531085045588821],[-82.65071630293437,27.523114001195793],[-82.431975928971141,27.768090758517538],[-82.448782177029244,27.810034697853098],[-82.553942731945668,27.848460651155992],[-82.733072390836526,27.61297078871441],[-82.746219392842505,27.731304401765865],[-82.846522572921614,27.854299002752683],[-82.828159912550788,28.020127887944199],[-82.85962126877719,28.174133081719702],[-82.764100719100128,28.244343785528333],[-82.665053004358754,28.484432925962196],[-82.668720254642594,28.695656730484259],[-82.712371273430321,28.720919664707655],[-82.730243246136311,28.850153718483401],[-82.688862176834547,28.905607756597121],[-82.75937613894007,29.006617869694139],[-82.759701991249514,29.054190860211886],[-82.82365661403152,29.098900773373643],[-82.798873660148303,29.114502801911488],[-82.827070426434133,29.15842376534621],[-82.996140763225853,29.178072581807186],[-83.016244859215035,29.125369521352106],[-83.053203787966638,29.130837424905533],[-83.074730508055993,29.247973381230036],[-83.169572531627836,29.290353016259999],[-83.240505790603734,29.433175470377027],[-83.294743806389377,29.437920365455035],[-83.401549034236936,29.523288068850249],[-83.414698365042469,29.670532892581335],[-83.537642603449967,29.723056846194925],[-83.679217284522977,29.918510442985291],[-84.00071471873116,30.096206754794874],[-84.20800842453643,30.084773745432521],[-84.366113221121651,30.008659764860425],[-84.349064142824318,29.896809678622052],[-84.535870927494315,29.910089659635169],[-84.577437837906913,29.887825613914231],[-84.564973774746846,29.810177573518068],[-85.045070042807964,29.586988458279205],[-85.259714510790516,29.681293087261963],[-85.352610484268908,29.659784053857138],[-85.416543707558034,29.842624850626979],[-85.384725860854218,29.920945915743758],[-85.811216156717975,30.178316581072774],[-86.22255884389476,30.343580932651069],[-86.632952009569792,30.396293601223078],[-87.51832265843764,30.280429489643701],[-87.431783031519274,30.403187625848869],[-87.36660019223612,30.436637678028294],[-87.444721147887478,30.507478620020308],[-87.400187993922586,30.657195559072225],[-87.523619950118231,30.73827939229858],[-87.634941767778272,30.86585116392876]]]]}},
{"type":"Feature","properties":{"STUSPS":"GA","NAME":"Georgia"},"geometry":{"type":"Polygon","coordinates":[[[-85.605165015773323,34.984678002210003],[-83.108605654881117,35.000659108537192],[-83.140620656133066,34.924913550184776],[-83.323863554999974,34.789710675893836],[-83.353234997688261,34.728646629489077],[-83.338687756736959,34.682000484372537],[-83.154576634787745,34.588196040019341],[-83.048289002583459,34.493251766690619],[-82.873831181232177,34.471505642040562],[-82.715373316128307,34.148162696803809],[-82.556835646627306,33.945350895905207],[-82.324480842703665,33.820030525106816],[-82.161908981792607,33.61064115081016],[-81.926337347287969,33.4629355583169],[-81.932738405076307,33.343539747259257],[-81.846137559782164,33.303841779429945],[-81.846537553441024,33.241744884649172],[-81.763536649190783,33.20364692420825],[-81.755136662459662,33.151548976615764],[-81.502031548858398,33.015111875016601],[-81.499567516019766,32.943721332048966],[-81.420621278164802,32.831222720438618],[-81.397106739764723,32.60558804946595],[-81.194829116827194,32.465085988540778],[-81.194930820027906,32.411487938279691],[-81.133031007494807,32.334791346465487],[-81.15352958392117,32.237683032256861],[-81.113330693057989,32.113201248134622],[-81.038260635751882,32.084465342922243],[-81.006740631521268,32.101148436302211],[-80.843124570829531,32.024222204111823],[-80.848435306854398,31.98827508691971],[-81.13063044241764,31.722687763958675],[-81.133490209112111,31.623343909339482],[-81.27933677623831,31.35112346133754],[-81.282840912683454,31.244326526952815],[-81.402094980914725,31.125379928327821],[-81.405151880916648,30.908200195488053],[-81.460059631486757,30.769909246499779],[-81.444122421248039,30.709711340642237],[-81.73223654625869,30.749631866852564],[-81.943185572270764,30.827433265404025],[-82.032665656865106,30.750670289944228],[-82.028230253684811,30.447381681216307],[-82.040764252151789,30.370141053941765],[-82.094707208263756,30.360762876315501],[-82.180041123382907,30.368606437540191],[-82.218604873597457,30.564390182497792],[-84.864691224532407,30.711540081903088],[-84.918149039790592,30.772080501719774],[-85.035614985867767,31.10819045722663],[-85.107515884614969,31.186449413293829],[-85.041881720278653,31.544682606708125],[-85.058170080142176,31.620225673504148],[-85.125531498776894,31.6949634932744],[-85.141833116958125,31.839259394434581],[-85.067831671677425,31.967356408257078],[-85.058750911560125,32.136016827868254],[-84.891841684989387,32.263397475680925],[-85.008096706311932,32.336676245991065],[-84.97183108591824,32.442842265387775],[-85.069848121656648,32.583145098690871],[-85.184400854547889,32.861315737951742],[-85.605165015773323,34.984678002210003]]]}},
{"type":"Feature","properties":{"STUSPS":"IA","NAME":"Iowa"},"geometry":{"type":"Polygon","coordinates":[[[-96.621876833450131,42.779253920148648],[-96.500310355714504,42.959389915658839],[-96.511607720498148,43.03992594398013],[-96.439337918322252,43.11391514549176],[-96.475574323590877,43.221053182106921],[-96.522087360498958,43.220959114212917],[-96.578826767010966,43.29109411174997],[-96.530395754704969,43.300033161421467],[-96.521576223161304,43.385639215734471],[-96.594258760303916,43.434152194189323],[-96.598933231699192,43.500456235891676],[-91.217705608780335,43.500551679333235],[-91.207367095226772,43.373660931063831],[-91.057910020453718,43.253970026452386],[-91.17525330510631,43.134667324415879],[-91.138000516656291,42.903774605243676],[-91.070717131706743,42.77550446463119],[-90.94156979999461,42.683845145641534],[-90.700857088062364,42.626446394453133],[-90.646728088287531,42.471904631465534],[-90.446319825333816,42.357040816770599],[-90.400652840571198,42.239291689581812],[-90.161157976570863,42.106370035179253],[-90.140612100873255,41.995996678424298],[-90.180641811425772,41.811977178433281],[-90.310706189896479,41.742212352054686],[-90.364125419651344,41.579631753303588],[-90.701156333837318,41.454742347343682],[-91.027785111116359,41.423603197407843],[-91.114184902329526,41.250029533537578],[-90.957245475722175,41.111084466150167],[-90.952232834903953,40.954045824973811],[-91.092992065072451,40.821077784152884],[-91.120819052705684,40.672775469544987],[-91.37425101338728,40.582587602130673],[-91.394474355893948,40.534540349915645],[-91.367875594379981,40.510476303538361],[-91.372920780517845,40.399105188333706],[-91.419421713637391,40.378261150608239],[-91.498092545522212,40.401923095323575],[-91.729112753166547,40.613636654554249],[-94.091083204274511,40.572896922229475],[-95.765646382230855,40.58520600359779],[-95.748627374672395,40.603352960674968],[-95.781910314128481,40.653269900730592],[-95.888698061401016,40.736289857494221],[-95.834157101383269,40.783013781548384],[-95.841310014144582,40.845601754922264],[-95.810710012165174,40.886678720250501],[-95.865878713236896,41.017400684904501],[-95.856787867584572,41.187095742275829],[-95.909689985575397,41.184395746753083],[-95.890151639930778,41.278305832746497],[-95.92568973192337,41.322194942897987],[-95.922528656113727,41.455764260089992],[-95.982961862473118,41.469776325318136],[-96.005078878663582,41.544002505868811],[-96.08049278535799,41.52819737305051],[-96.118104781049723,41.613493506992711],[-96.064536892208011,41.793000994613905],[-96.159098207869874,41.910056178067165],[-96.132537307537689,41.974624386467589],[-96.27287743629671,42.047237338101787],[-96.268900416998505,42.113589373854381],[-96.347752277078897,42.166805350134823],[-96.336003231288473,42.264805398385796],[-96.40799812980903,42.337407275112795],[-96.381307007534005,42.461693183229556],[-96.492970538934628,42.51728092069974],[-96.476952605404762,42.556077966228791],[-96.624705634898291,42.725495907002305],[-96.621876833450131,42.779253920148648]]]}},
{"type":"Feature","properties":{"STUSPS":"IL","NAME":"Illinois"},"geometry":{"type":"Polygon","coordinates":[[[-91.506261176218104,40.200152315616158],[-91.469655680205747,40.322406129134556],[-91.372920780517845,40.399105188333706],[-91.367875594379981,40.510476303538361],[-91.394474355893948,40.534540349915645],[-91.37425101338728,40.582587602130673],[-91.120819052705684,40.672775469544987],[-91.092992065072451,40.821077784152884],[-90.952232834903953,40.954045824973811],[-90.957245475722175,41.111084466150167],[-91.114184902329526,41.250029533537578],[-91.027785111116359,41.423603197407843],[-90.701156333837318,41.454742347343682],[-90.571133202341827,41.516331158352834],[-90.461429203294173,41.523531981943449],[-90.339525526148918,41.598631691494418],[-90.310706189896479,41.742212352054686],[-90.180641811425772,41.811977178433281],[-90.140612100873255,41.995996678424298],[-90.161157976570863,42.106370035179253],[-90.400652840571198,42.239291689581812],[-90.446319825333816,42.357040816770599],[-90.646728088287531,42.471904631465534],[-90.642844096868373,42.50848189221],[-87.800470729488438,42.491921745280713],[-87.834763544291377,42.301521919327215],[-87.800060632497761,42.2080233433134],[-87.682354419033516,42.07572795509158],[-87.609447159948772,41.845231621067406],[-87.524138236896121,41.723988505856973],[-87.531648038924416,39.347885973975785],[-87.60039897407745,39.312901899698886],[-87.577030909652208,39.211120954076577],[-87.640436773203703,39.16672488337349],[-87.625380648059235,39.10180389159526],[-87.572589657641146,39.057283939777221],[-87.579118549095611,39.001604926430076],[-87.529497527180268,38.971922923048602],[-87.54737099645962,38.875611733502758],[-87.498948456812883,38.757771524123974],[-87.545538230534092,38.677610486971965],[-87.620120088936616,38.639486433073735],[-87.654165852158158,38.51190830802701],[-87.71404678332523,38.479877224325968],[-87.831971829943768,38.307238125419637],[-87.968967948748485,38.237386012999714],[-87.975818910239255,38.197831109008952],[-87.92746780702636,38.151943296954634],[-88.030883703535764,38.030710516497557],[-88.016310641891636,37.961571693886128],[-88.0673635158237,37.856048921815741],[-88.02802947522656,37.799222093586614],[-88.160061249829567,37.654330088435515],[-88.062293052244939,37.487834843941783],[-88.46586004949873,37.400545294758786],[-88.514659941000531,37.290946345472641],[-88.424774745356729,37.149899294461513],[-88.476125512192709,37.068221471208659],[-88.931744180446628,37.227591649634078],[-89.058035195669845,37.188765660094987],[-89.168085737957554,37.074216563646992],[-89.132913561090817,36.982055424971776],[-89.359454353002207,37.042605097940914],[-89.470524264157888,37.253355912786546],[-89.517031338483307,37.281919017730736],[-89.428184543524907,37.35615713948367],[-89.425939656226305,37.407470265350021],[-89.512399906330472,37.529809568759795],[-89.494050926001762,37.580115659544553],[-89.521947946749293,37.696474871987306],[-89.667993011393534,37.759481268566304],[-89.69655936183274,37.814334325472309],[-89.851049036652682,37.903977587998178],[-89.923185968919924,37.87066962570804],[-89.974222099142111,37.919214622749124],[-89.954911205629998,37.96664458860819],[-90.008354179063915,37.970176565469892],[-90.218708984179287,38.094362042665871],[-90.363927123601215,38.236351525117826],[-90.349743958214717,38.377604993694668],[-90.184511191659325,38.611546517706273],[-90.209911437933144,38.726045750572467],[-90.117709067395552,38.805743933885765],[-90.11332931119918,38.849302100599715],[-90.395817298608677,38.960033803093332],[-90.467784653213641,38.961805866947607],[-90.555693587111847,38.870781691985847],[-90.657254772286251,38.920266833207357],[-90.713629969558468,39.053974364161753],[-90.681087058293514,39.100587641002228],[-90.72996137224807,39.255892485496759],[-91.038270499598227,39.448434473664307],[-91.100307397054138,39.538693542762957],[-91.148275289683809,39.54579653194638],[-91.367752962957951,39.729027226462044],[-91.361571000060664,39.787546091920646],[-91.436050830207833,39.8455079431128],[-91.506261176218104,40.200152315616158]]]}},
{"type":"Feature","properties":{"STUSPS":"IN","NAME":"Indiana"},"geometry":{"type":"Polygon","coordinates":[[[-88.059470658429902,37.866685502143916],[-88.016310641891636,37.961571693886128],[-88.030883703535764,38.030710516497557],[-87.92746780702636,38.151943296954634],[-87.975818910239255,38.197831109008952],[-87.968967948748485,38.237386012999714],[-87.831971829943768,38.307238125419637],[-87.71404678332523,38.479877224325968],[-87.654165852158158,38.51190830802701],[-87.620120088936616,38.639486433073735],[-87.545538230534092,38.677610486971965],[-87.498948456812883,38.757771524123974],[-87.54737099645962,38.875611733502758],[-87.529497527180268,38.971922923048602],[-87.579118549095611,39.001604926430076],[-87.572589657641146,39.057283939777221],[-87.625380648059235,39.10180389159526],[-87.640436773203703,39.16672488337349],[-87.577030909652208,39.211120954076577],[-87.60039897407745,39.312901899698886],[-87.531648038924416,39.347885973975785],[-87.524041145213303,41.708333545010198],[-87.470739086022277,41.672833563865751],[-87.415813547104449,41.688181454336316],[-87.365436642023994,41.629534490290276],[-87.261534424801368,41.620334316512249],[-86.824827287550093,41.760238800281151],[-84.805879061287968,41.760215455655413],[-84.820154633386252,39.105479516211844],[-84.897168798245389,39.052406593866777],[-84.832614834703193,38.9614600702538],[-84.877759704749479,38.920357114915532],[-84.786403663486681,38.882220824275819],[-84.812874405237793,38.786088320456059],[-84.962532125112489,38.778035030678183],[-85.18727558802648,38.687608500726],[-85.275451823104632,38.741171533651723],[-85.44886062466604,38.713367102294647],[-85.433134319464529,38.523913147503698],[-85.498864462555716,38.468241083727634],[-85.587756448411994,38.450494069044922],[-85.683559180274813,38.295467891364851],[-85.750959826960866,38.26786890688031],[-85.81616188352811,38.282967849423279],[-85.89476180954162,38.188467664467879],[-85.922392859733407,38.028677485737653],[-86.03338404913471,37.970380330379555],[-86.206437407931617,38.021874318793166],[-86.321272512194398,38.14741630335083],[-86.521823667947587,38.038325116343628],[-86.509366523030309,37.902884981717499],[-86.599846633300771,37.906751964627944],[-86.615213595000739,37.85285490615847],[-86.722245760614257,37.892645922179454],[-86.810911974440216,37.997147959035907],[-87.010314060415496,37.919665697651283],[-87.105613017436426,37.767628637147986],[-87.180062225246317,37.841372558490143],[-87.41858470670158,37.944760702447624],[-87.551276677957333,37.925415856941299],[-87.608478519165601,37.898791931134369],[-87.625850368167477,37.851916975493559],[-87.723634393866291,37.892056040055643],[-87.80801239836444,37.875189035520997],[-87.872539506286842,37.920996930959063],[-87.921743531875052,37.907882906461758],[-87.938127503712167,37.870648970729839],[-87.903803414100807,37.817760083122792],[-87.970261433207753,37.781854169779216],[-88.02802947522656,37.799222093586614],[-88.059470658429902,37.866685502143916]]]}},
{"type":"Feature","properties":{"STUSPS":"KS","NAME":"Kansas"},"geometry":{"type":"Polygon","coordinates":[[[-102.051744218550922,40.003077913224161],[-95.308290607337554,39.999996895626794],[-95.081535285917425,39.861717029735537],[-94.951541380680098,39.900532284780098],[-94.878678404159146,39.826521226972744],[-94.860372451598906,39.749529131110613],[-94.971080000736009,39.723145028685494],[-94.971319357319416,39.686408943304293],[-95.037466484330764,39.65290368361115],[-95.047167824360386,39.595115467481975],[-95.113559015809116,39.553938984157611],[-94.94666506430633,39.399715003553645],[-94.888974561379854,39.392430041584809],[-94.90806727752306,39.323660633949409],[-94.799664491385528,39.206015452680575],[-94.741939375492322,39.170200604260913],[-94.680337349823418,39.184300743379332],[-94.591934238867125,39.155001001945521],[-94.617965082365885,36.998900797026671],[-102.042243392731507,36.993082809391119],[-102.051744218550922,40.003077913224161]]]}},
{"type":"Feature","properties":{"STUSPS":"KY","NAME":"Kentucky"},"geometry":{"type":"Polygon","coordinates":[[[-89.544434118158833,36.574509825893735],[-89.407905990048675,36.562344650310649],[-89.378693904143248,36.622291666360951],[-89.324657826450164,36.62403156441141],[-89.227318747319117,36.569374222463061],[-89.165487739197914,36.662425135989928],[-89.202509623929529,36.716616590537932],[-89.156988522488362,36.75596659223087],[-89.098841662606489,36.957848374293505],[-89.168085737957554,37.074216563646992],[-89.000967226170658,37.224399725672797],[-88.931744180446628,37.227591649634078],[-88.476125512192709,37.068221471208659],[-88.424774745356729,37.149899294461513],[-88.514659941000531,37.290946345472641],[-88.46586004949873,37.400545294758786],[-88.062293052244939,37.487834843941783],[-88.160061249829567,37.654330088435515],[-88.02802947522656,37.799222093586614],[-87.970261433207753,37.781854169779216],[-87.903803414100807,37.817760083122792],[-87.938127503712167,37.870648970729839],[-87.921743531875052,37.907882906461758],[-87.872539506286842,37.920996930959063],[-87.80801239836444,37.875189035520997],[-87.723634393866291,37.892056040055643],[-87.625850368167477,37.851916975493559],[-87.608478519165601,37.898791931134369],[-87.551276677957333,37.925415856941299],[-87.41858470670158,37.944760702447624],[-87.180062225246317,37.841372558490143],[-87.105613017436426,37.767628637147986],[-87.010314060415496,37.919665697651283],[-86.810911974440216,37.997147959035907],[-86.722245760614257,37.892645922179454],[-86.615213595000739,37.85285490615847],[-86.599846633300771,37.906751964627944],[-86.509366523030309,37.902884981717499],[-86.521823667947587,38.038325116343628],[-86.321272512194398,38.14741630335083],[-86.206437407931617,38.021874318793166],[-86.03338404913471,37.970380330379555],[-85.922392859733407,38.028677485737653],[-85.89476180954162,38.188467664467879],[-85.81616188352811,38.282967849423279],[-85.750959826960866,38.26786890688031],[-85.683559180274813,38.295467891364851],[-85.587756448411994,38.450494069044922],[-85.498864462555716,38.468241083727634],[-85.415598312826575,38.546340156206192],[-85.44886062466604,38.713367102294647],[-85.275451823104632,38.741171533651723],[-85.18727558802648,38.687608500726],[-84.962532125112489,38.778035030678183],[-84.812874405237793,38.786088320456059],[-84.786403663486681,38.882220824275819],[-84.877759704749479,38.920357114915532],[-84.832614834703193,38.9614600702538],[-84.897168798245389,39.052406593866777],[-84.750746459520158,39.147357085157289],[-84.607925403012089,39.073237150512647],[-84.445239150963346,39.114460040474178],[-84.400937022573473,39.046361054416771],[-84.297251723268403,38.989692939268956],[-84.212900827494238,38.805705430579216],[-83.852083459588272,38.751430581777612],[-83.772158693502234,38.658147755940682],[-83.679482575418916,38.630033929131315],[-83.626920689554694,38.679384922307662],[-83.533337513314308,38.702103124727998],[-83.376300486323828,38.661471135971645],[-83.286512546402776,38.599239089114597],[-83.239513594209228,38.628586076431574],[-83.172645670820216,38.620250068310206],[-83.011814837457536,38.730055051267108],[-82.889191667824363,38.756074073318672],[-82.851312851796749,38.604332152682595],[-82.618472986702798,38.477087258615121],[-82.571876033526607,38.315779066445401],[-82.626180905569726,38.134833128879421],[-82.464985827881279,37.976857050480717],[-82.487554775342161,37.916973044374387],[-82.418688653827616,37.872373050732584],[-82.296116274635551,37.686171994271902],[-82.064416732380423,37.544513672711034],[-81.968295971298559,37.537795597673899],[-82.355340770045842,37.265217331727051],[-82.726291824859629,37.111849611575458],[-82.722251595517847,37.057945533870395],[-82.869180962083391,36.974179619111119],[-82.895443217052872,36.882142638774262],[-83.075588521063381,36.850586463920664],[-83.136393771755095,36.743085415285151],[-83.527111984295132,36.665984564958642],[-83.690714129013372,36.582580614505957],[-86.50777114372589,36.652444851852344],[-87.853204614456487,36.633246470832624],[-87.849567561955467,36.663700651923463],[-88.070532746714804,36.678117944053263],[-88.033802978010129,36.55173230683905],[-88.050467050946281,36.50005205466082],[-89.539232188303842,36.497933732470379],[-89.571481145017529,36.53808676849728],[-89.544434118158833,36.574509825893735]]]}},
{"type":"Feature","properties":{"STUSPS":"LA","NAME":"Louisiana"},"geometry":{"type":"Polygon","coordinates":[[[-94.041833095075603,31.992401307725196],[-94.042966999424166,33.019216796781627],[-91.166075019590991,33.0041026567825],[-91.072076803216575,32.93782862555782],[-91.070603775240045,32.88865561139945],[-91.137891855716632,32.848971566802199],[-91.157615827804747,32.776029513575644],[-91.057000657531844,32.725576590318717],[-91.098763647253747,32.685287577156501],[-91.079507517782631,32.600676623724688],[-91.011276387485125,32.516592666636669],[-91.060517396378543,32.512357661698609],[-91.052908287533384,32.438438672536911],[-90.965987276538442,32.424802636638368],[-90.986673182290687,32.351756669374772],[-90.921171183301155,32.342069593076836],[-90.99122802461342,32.21465865177381],[-91.108509938145559,32.208146664162427],[-91.034707911990694,32.101049571984298],[-91.080808846478803,32.023452545310853],[-91.177410853480083,31.973253559059426],[-91.181110916699041,31.920055451339454],[-91.290136103478019,31.833654244330312],[-91.34571521589163,31.842857188897725],[-91.359515320629257,31.799358062042074],[-91.318577295348661,31.745311001820664],[-91.38091644895654,31.732459909726373],[-91.395716403603714,31.644160919486822],[-91.463818441810048,31.620360909440127],[-91.43761730727509,31.546161973029729],[-91.517141163196712,31.498390041369031],[-91.53606222018395,31.338350832133425],[-91.508859280005154,31.291639834384995],[-91.621359152790689,31.267806570182156],[-91.6443571592431,31.234409472120813],[-91.59005227944202,31.193688522867902],[-91.621672324127516,31.136865372933482],[-91.560366503499765,31.049503339272405],[-91.636943504427819,30.999411142639079],[-89.728147798731101,31.002426813404291],[-89.83633190194773,30.727193177020162],[-89.82186890488768,30.644020246377142],[-89.79166494479594,30.551520317775015],[-89.678515148329268,30.41400823750055],[-89.607656217213332,30.217092304843341],[-89.524505276364565,30.180749435152446],[-89.656986961588188,30.118377303128231],[-89.683712824470774,30.076014282510563],[-89.845065526087652,30.018405986631223],[-89.852582804113169,29.952717035584122],[-89.647063392301192,29.863599386335363],[-89.598128371486212,29.881406776698253],[-89.574424443795181,29.983736054724986],[-89.494065176422268,30.04096862557596],[-89.342164702981208,30.05916869327638],[-89.183258388944893,30.149340594017527],[-89.236297499230801,29.87708041312511],[-89.293250313012464,29.803052027900357],[-89.271033233901377,29.756353964149046],[-89.399161217337323,29.770590617230805],[-89.40395492718757,29.681806525609183],[-89.602107720226741,29.610292737629464],[-89.532147968463974,29.434564938013374],[-89.312082764560017,29.388036671871443],[-89.257849558441166,29.336870803096467],[-89.200386591007458,29.344416995088171],[-89.116650042799705,29.219531151287299],[-89.025971012051954,29.215152430253173],[-89.014276819238603,29.166912468812491],[-89.066613504691148,29.090713326535365],[-89.116526421887585,29.074096191246269],[-89.142862062906588,28.991622137342009],[-89.259350310465123,29.05835679731333],[-89.400961811888507,28.933810297181477],[-89.403526131922732,29.016962299970693],[-89.361094375046349,29.071846427101899],[-89.482840997043184,29.215050938143797],[-89.60664818688295,29.252020543161862],[-89.639660367754672,29.290528469468871],[-89.842638530195998,29.318819763400125],[-90.22358361213773,29.085070503354281],[-90.748373634342002,29.040053986253831],[-90.867849898000827,29.056057613822269],[-90.941874380069649,29.162366439636639],[-91.278791375947179,29.247768577953689],[-91.334884781072859,29.29876776130223],[-91.265451806302082,29.360969031781146],[-91.36396750805811,29.420657404640757],[-91.347514550608466,29.444431503480811],[-91.394308068914953,29.497108891194951],[-91.4609642636632,29.469954874699216],[-91.531022701885988,29.531537043884821],[-91.541975770250502,29.594346996459748],[-91.643833829060199,29.63061862646779],[-91.62383090085838,29.699233722152101],[-91.667129963468881,29.745815604747083],[-91.853072113771134,29.702929637074334],[-91.873268248353227,29.627270617949133],[-91.711082772011764,29.569321337330386],[-91.768264756771828,29.490355123100063],[-91.821580986437752,29.473918181933481],[-92.064516005077323,29.58565898338972],[-92.323469171098253,29.531490876462236],[-92.56804353566433,29.577390981862411],[-93.176934711223893,29.770480125267522],[-93.538466574632054,29.763292372342704],[-93.741952199107189,29.736336811339243],[-93.837975282344217,29.690612652415751],[-93.929212263235627,29.802945856839383],[-93.703943753151563,30.054285643014889],[-93.707193272265926,30.275509157365896],[-93.760331195876063,30.329920471490354],[-93.745335854055739,30.397018662286985],[-93.702667636384035,30.429943465060497],[-93.729197258844607,30.544839191252645],[-93.629906164830373,30.679937643113771],[-93.530937169404694,30.924531784125147],[-93.535097683380684,31.185612199130716],[-93.602443499981106,31.182539674907101],[-93.613942451693262,31.259373841484738],[-93.67544027767822,31.301039141030355],[-93.668146440707488,31.375101760855394],[-93.749475834479981,31.468689448119306],[-93.725925073591412,31.504091032742657],[-93.834923980675242,31.586210153946652],[-93.803419385931747,31.700684584198381],[-93.85339043677655,31.805465484237207],[-93.909557354214783,31.893142664677299],[-94.041833095075603,31.992401307725196]]]}},
{"type":"Feature","properties":{"STUSPS":"MA","NAME":"Massachusetts"},"geometry":{"type":"MultiPolygon","coordinates":[[[[-70.27552624868234,41.310464935983376],[-70.07913342851171,41.319505165824253],[-70.049053644971579,41.391703068853566],[-69.984869599279762,41.358819200708488],[-69.960181353415152,41.264547389244143],[-70.015225251018094,41.237965375420373],[-70.211479185848361,41.248766132177629],[-70.27552624868234,41.310464935983376]]],[[[-70.833801882320486,41.35338612661014],[-70.757796844492077,41.365702176707536],[-70.603555063283252,41.482384424916589],[-70.463833074041261,41.41914558077459],[-70.448261974104355,41.353651626011747],[-70.693634818936204,41.342833252101748],[-70.821283774643689,41.251014028480476],[-70.833801882320486,41.35338612661014]]],[[[-73.508142519493362,42.08625691615709],[-73.264956740013105,42.745939721083431],[-71.294204704317607,42.696989710519716],[-71.255604740006163,42.736388949815058],[-71.181802468013984,42.737589838423659],[-71.186103292653598,42.790688624370418],[-71.149702073963525,42.815488457335569],[-71.064199786657881,42.806288425837238],[-71.031199585068592,42.859088286182832],[-70.817294484529583,42.872289216761622],[-70.772265856992519,42.711062991299109],[-70.729819129861454,42.669600956426599],[-70.602505275475352,42.677701056574847],[-70.594013514200384,42.635029085036741],[-70.654726720580641,42.582233039276204],[-70.848491763668079,42.550194126398729],[-70.835991087424659,42.490495102005887],[-70.913192239645738,42.427696289241652],[-70.982994184875352,42.423995414340354],[-70.997838401142232,42.321204441679036],[-70.967351586806558,42.268167410956629],[-70.881242672437608,42.300662304197722],[-70.730561268078674,42.210939478912678],[-70.638482053288953,42.081579240151115],[-70.678799943043913,42.005510637084157],[-70.662477744285184,41.960592490921542],[-70.546388073834521,41.916751325557193],[-70.541030943699866,41.815754073369341],[-70.441718550801113,41.7528981284647],[-70.272290164055818,41.721346499896498],[-70.024735426906304,41.787364806135869],[-70.006112496876568,41.852396826476415],[-70.069011571200946,41.884924782638301],[-70.08377674811814,42.012041787018617],[-70.190835885147138,42.020028739415991],[-70.245386899371994,42.063733627813491],[-70.138943720425772,42.092907622362283],[-70.049383637669195,42.064689714809205],[-69.994137640429571,41.999258831328973],[-69.935953423612915,41.809422885695177],[-69.931130183114348,41.622659957193697],[-69.964983077754567,41.55111094832769],[-70.011230055355583,41.543931895730715],[-70.007012262396216,41.671579853615974],[-70.321588798250147,41.630508490970023],[-70.94843099245,41.409193152108074],[-70.934986013110432,41.454699224525143],[-70.698196986676408,41.559002149125504],[-70.695391956235113,41.602546018980568],[-70.765462863621693,41.641574855045924],[-70.821909971430955,41.582841137867554],[-70.910165048341455,41.577073304050707],[-70.981708058226914,41.510070313852196],[-71.120570428186014,41.497448415257878],[-71.132888441708772,41.660102602746576],[-71.195640546975653,41.675090592784791],[-71.329396518918784,41.782600644399814],[-71.339298698424059,41.893399874224947],[-71.381700626436412,41.893199876212108],[-71.381401810691145,42.018799009752513],[-72.735495528537029,42.036398460383836],[-72.810077447798108,41.998315519326532],[-72.847141487388555,42.036893577122918],[-73.487314554167639,42.049637857643262],[-73.508142519493362,42.08625691615709]]]]}},
{"type":"Feature","properties":{"STUSPS":"MD","NAME":"Maryland"},"geometry":{"type":"MultiPolygon","coordinates":[[[[-76.046208162966082,38.025532743888142],[-76.007332029252822,38.03670579078976],[-75.9800838152658,38.004890762371204],[-75.984641512152677,37.938121084923644],[-76.046523934989068,37.953585978292104],[-76.046208162966082,38.025532743888142]]],[[[-79.486872400193008,39.205960562803043],[-79.476661829841348,39.721076580332472],[-75.788594292281118,39.722200414973884],[-75.693715064081147,38.460129423317781],[-75.048932712512652,38.451267673958853],[-75.242256177042876,38.027210553300883],[-75.624332484507988,37.994211331976338],[-75.669702195375251,37.950796307009568],[-75.783807762454288,37.97259421712738],[-75.892678539860952,37.916848147576175],[-75.86380364910319,38.100968127378003],[-75.937083343934148,38.124209062593621],[-75.942369395691742,38.187066179733478],[-75.864097826247814,38.200858332244117],[-75.888507053793163,38.241423375838842],[-76.038929845280109,38.254932190255779],[-76.005898976904547,38.077169870296238],[-76.095543156899112,38.125122897501477],[-76.0886340330688,38.192649028843562],[-76.257662368371683,38.324855160941368],[-76.249995384591372,38.36230425056273],[-76.336355714465185,38.492235444987763],[-76.277456632705039,38.541851616934345],[-76.279584721121651,38.609520759380239],[-76.165430550421902,38.610200828636245],[-76.1751546761935,38.673236929705965],[-76.238720780307432,38.712846023795663],[-76.347993962453046,38.686234817065525],[-76.340538997431906,38.730338916872761],[-76.390346143272112,38.757004881494076],[-76.271571231350265,38.851772204527606],[-76.219324054051086,38.812372182597862],[-76.191086116537676,38.829661207433624],[-76.203634482691584,38.92838336985578],[-76.317943498073504,38.911313215527862],[-76.334015356683722,38.860239121494274],[-76.376198392414764,38.850462043628809],[-76.361723639402427,38.939176194340305],[-76.301843881296406,39.03965238765376],[-76.231761780982424,39.018519468227332],[-76.233453962447769,39.091386546854487],[-76.278524160715875,39.145765507983427],[-76.159670468770017,39.335910922946354],[-76.006877763908506,39.414529035930308],[-76.012310143474139,39.453116864623162],[-76.146370859164037,39.405311837290817],[-76.425278380771246,39.20570929725416],[-76.525782340272443,39.177909110960691],[-76.428678202321436,39.131710258234349],[-76.394076880966324,39.011312248516447],[-76.471277810000302,38.956513074663434],[-76.450276747080352,38.941114077519117],[-76.51694057125782,38.851157845066886],[-76.489874543816143,38.838715850762249],[-76.558739257741934,38.756352712895165],[-76.526651281844295,38.724430649131861],[-76.492695080921152,38.482849255496184],[-76.393373765375756,38.389477180326459],[-76.392663668890549,38.239662883607082],[-76.320131702422287,38.138338731330997],[-76.322088928145476,38.036502525084586],[-76.43042100378392,38.119382566793419],[-76.540376298247935,38.152990628204812],[-76.590633379404295,38.214211765754101],[-76.864289124937102,38.268944882615976],[-76.97548908077988,38.347326981951454],[-77.016367873496108,38.445571974547128],[-77.21118630803106,38.380661970514936],[-77.259960690675499,38.435820865565091],[-77.246582555257262,38.538340750590415],[-77.129081412343169,38.614363859286932],[-77.132498300393067,38.673815854513727],[-77.05319573601777,38.709914939204403],[-77.039002708307592,38.791645010151804],[-76.909389729092453,38.892852337324655],[-77.041015211440254,38.995548272019519],[-77.119756178099237,38.934343169878822],[-77.249800253473865,38.985909246476794],[-77.248400224789833,39.026909247653983],[-77.462614692143319,39.076248352669715],[-77.519926854040719,39.12092534275066],[-77.521219845886336,39.161057301026183],[-77.459880706023412,39.218682154253045],[-77.588232746623248,39.301955339419564],[-77.719516777817333,39.321314673175955],[-77.829811468124859,39.587288173714285],[-78.006732090996692,39.601337071897611],[-78.082258307183892,39.671166018036942],[-78.382957654048056,39.622245662299207],[-78.460949542516232,39.525986651945765],[-78.590652326753442,39.530191412940198],[-78.707096132514707,39.555856158320928],[-78.771138358835998,39.638386104868815],[-78.956749162248443,39.440262781033333],[-79.091327056166762,39.47240555023189],[-79.28372169370418,39.309638888140476],[-79.486872400193008,39.205960562803043]]]]}},
{"type":"Feature","properties":{"STUSPS":"ME","NAME":"Maine"},"geometry":{"type":"MultiPolygon","coordinates":[[[[-68.924013660123407,43.885404256294244],[-68.874787540085364,43.90471205995653],[-68.849012504333373,43.849837915803469],[-68.888486595103529,43.803778095243985],[-68.944436697284544,43.835323379588296],[-68.924013660123407,43.885404256294244]]],[[[-71.083921027013204,45.305449456564332],[-71.012754025963631,45.344758557987056],[-70.949362040514842,45.331534591378997],[-70.892818510078897,45.239170461813316],[-70.844426588898372,45.234511447463063],[-70.808609847864901,45.311604647429512],[-70.82560908653079,45.400303806689315],[-70.781467958508031,45.431157818644564],[-70.634657436022934,45.383606869093512],[-70.635494560167302,45.42781588492641],[-70.723392641645987,45.510392887378579],[-70.552789773893537,45.667835569693558],[-70.38354931250214,45.734868702960831],[-70.415681353548237,45.78615773159391],[-70.259114215292556,45.890755386250191],[-70.265407348504226,45.962692414361534],[-70.312967299540617,45.961856359381009],[-70.317626721540009,46.019080574995712],[-70.239563299888459,46.142760863212565],[-70.290893233453986,46.185836754609362],[-70.207412302359344,46.331314678771406],[-70.053743455910791,46.429235077491548],[-69.997081611607001,46.695229717706361],[-69.219997617084545,47.457157802987652],[-69.03930183541722,47.422169244084195],[-69.040199068787317,47.245101080234313],[-68.900983893476464,47.17852075164312],[-68.604820517254495,47.249418749539778],[-68.588726613370824,47.281721710075466],[-68.375614202504963,47.292268449523064],[-68.361558652392787,47.355605673225888],[-68.269708894505371,47.353734477766686],[-67.952262754846572,47.19614449599829],[-67.889153365263468,47.118772229905282],[-67.789759918921845,47.065743947984572],[-67.779981031366404,45.938163426506243],[-67.750418995954774,45.917898433546839],[-67.803674968493084,45.869379390944786],[-67.763951906088707,45.829983395148652],[-67.803622873819762,45.78162436051587],[-67.781888807815164,45.731189353219712],[-67.803309761085259,45.677886323678806],[-67.710460714889621,45.679372367553214],[-67.675413643166195,45.630959366157043],[-67.534915528004476,45.595428423086318],[-67.455402495548014,45.604665466229719],[-67.417413355518093,45.501985447550474],[-67.47685138366451,45.49724041401776],[-67.484324335066574,45.451955391918169],[-67.427239211591129,45.373690389806775],[-67.480252120480415,45.268185319923788],[-67.339864865963165,45.125594328826644],[-67.271071901586581,45.191081393783463],[-67.161242800221316,45.162879440318733],[-67.033473667858814,44.939925891097928],[-66.983557569736206,44.903279903440705],[-66.992959215829956,44.849183729807564],[-66.949894316750772,44.817421990712475],[-67.29340302954401,44.599267208073186],[-67.368268939153339,44.624674270371784],[-67.448512826615172,44.600324296501007],[-67.521167488332935,44.50991240974934],[-67.503207438884857,44.476920386893653],[-67.579725038898161,44.429133110461983],[-67.653122201814597,44.525825096350474],[-67.793587701904855,44.494780864819688],[-67.899568494780794,44.394079487156745],[-68.013987045479396,44.390256235817581],[-68.049330841551537,44.330730857150797],[-68.125621878368108,44.387127917113766],[-68.18915333271579,44.373833586478128],[-68.173606055079318,44.328397145246598],[-68.229488534604243,44.266916993369499],[-68.174327843791147,44.225906921989797],[-68.306518800886963,44.234827241076154],[-68.331032136132819,44.107576511796452],[-68.502944811544836,44.099718773174821],[-68.584104013367948,44.071585725654373],[-68.61708781228613,44.010093403974857],[-68.657033888591997,44.003819505581831],[-68.669386360579225,44.07635595413231],[-68.874142658181938,44.025356140758049],[-68.935331388354214,44.130377304722209],[-68.888601472932635,44.159547361937875],[-68.95189486763168,44.218716320210774],[-69.040197608879055,44.233670271916374],[-69.075671002112912,44.129988401293197],[-69.031882097965905,44.079033370428348],[-69.077031631081482,43.973651590944783],[-69.174983302705172,43.976946788565463],[-69.321033347866361,43.856706825481446],[-69.393289656453007,43.956418196940341],[-69.503290638916852,43.837671887900711],[-69.717073369484169,43.792402037827962],[-69.833470020391928,43.701280138170873],[-69.86215391321484,43.758960871184875],[-69.915591859979727,43.775110815753592],[-70.001271757150832,43.710386779366438],[-70.071302666413914,43.713770720078415],[-70.09603763445709,43.672274732379407],[-70.168225538641551,43.675134672421429],[-70.217085464946209,43.596715697038867],[-70.206121476287876,43.557625737205939],[-70.361212255534895,43.529188664189427],[-70.385613224454758,43.487029692945022],[-70.327301326520427,43.458519761714783],[-70.416309267801111,43.361057855321015],[-70.553852130961431,43.32188491118481],[-70.596183294185025,43.163465180082873],[-70.703816324523757,43.05982436176177],[-70.828098208221959,43.129085241768664],[-70.813117116970545,43.21725118154621],[-70.984332878143661,43.37612681103672],[-70.954752650176303,43.509800507652919],[-71.083921027013204,45.305449456564332]]]]}},
{"type":"Feature","properties":{"STUSPS":"MI","NAME":"Michigan"},"geometry":{"type":"MultiPolygon","coordinates":[[[[-84.616220376445497,45.894472015958875],[-84.517895228035144,45.828545034570155],[-84.356020375134975,45.771897324885678],[-84.394038209272253,45.727625231082889],[-84.484128035681223,45.730712030380218],[-84.650783275576458,45.859211977088577],[-84.616220376445497,45.894472015958875]]],[[[-85.701809914146395,45.736130168511828],[-85.524448848763555,45.829795385746294],[-85.360952673644022,45.817555498400388],[-85.509276629737172,45.596476175974452],[-85.561634619999225,45.572214105280402],[-85.62274166626085,45.586029076078454],[-85.701809914146395,45.736130168511828]]],[[[-86.154825537065093,45.002392812804324],[-86.044431158440105,45.159582033346418],[-85.954022325779903,45.119281061156975],[-85.97688439444768,45.06265965962978],[-86.081488424302904,44.99009496877315],[-86.154825537065093,45.002392812804324]]],[[[-86.824827287550093,41.760238800281151],[-86.597897200886706,41.918291207210906],[-86.356214304951138,42.254166326006391],[-86.240638849692047,42.539999919336665],[-86.208305657262102,42.762788614563419],[-86.226301925345638,42.988283179801059],[-86.540785902397303,43.644595994584151],[-86.445122442153206,43.771566799013705],[-86.431197735527604,43.840722692719986],[-86.514702849587053,44.058121457328241],[-86.429871859116332,44.119784244796833],[-86.268711017347727,44.345325660415277],[-86.220696654759323,44.566740496474168],[-86.248474573872585,44.699044053786167],[-86.089185583117086,44.741494739617025],[-86.058862728356374,44.911010977626816],[-85.980219551455022,44.906135211769289],[-85.93160135163194,44.968787461831695],[-85.854305288071544,44.938146618933835],[-85.780440921223857,44.977932170169652],[-85.633125074109387,45.170899627513933],[-85.551072680319592,45.210742603524423],[-85.531461600349132,45.177247468382156],[-85.56613082941989,45.043633135674277],[-85.520034256706126,44.97399594033255],[-85.475204181885005,44.991052946553665],[-85.38065894332324,45.046319389342223],[-85.371593234196382,45.270834912992399],[-85.196703996096417,45.360642224946524],[-84.959118630262381,45.375974403010517],[-84.91295557514708,45.409777456905459],[-85.040935751465454,45.436702315234584],[-85.109251889921268,45.521627308259447],[-85.119736892576782,45.569027327135579],[-85.061487620520353,45.639506318055325],[-84.970949340192448,45.686335336544936],[-85.014508280938585,45.760330288931193],[-84.86697557653153,45.752067602121983],[-84.772764989780654,45.789302854091133],[-84.461679924254426,45.652406133638621],[-84.329537196481724,45.664382377570689],[-84.196043324538792,45.62145853292192],[-84.095905019322345,45.497300525543729],[-83.909471918092137,45.485786688533445],[-83.599272617504226,45.352563356938418],[-83.488825473474847,45.35587418387513],[-83.385103701378327,45.274196580556911],[-83.405913710798728,45.227158595928316],[-83.31592384343476,45.139993250542368],[-83.265895858007809,45.026845024420858],[-83.399254752936756,45.070365654774506],[-83.442051720975826,45.051057870544547],[-83.438855718945163,44.940845062279685],[-83.320502435090063,44.880572830408838],[-83.276834628915935,44.689356701699062],[-83.31451552977758,44.608728113673386],[-83.336985392441733,44.332922906684203],[-83.442728283229314,44.265364903234982],[-83.524814386641651,44.261561745779822],[-83.584085974329057,44.056751450624461],[-83.679649975055526,44.036368304445865],[-83.693209712007459,43.988773296495879],[-83.869402000389655,43.960721935824409],[-83.947734664690856,43.735167521258973],[-83.909473301069184,43.672624720876634],[-83.817888194171886,43.673791903911003],[-83.683344484527822,43.590586847908753],[-83.512334310192912,43.733728445585875],[-83.407141129925563,43.919809775576873],[-82.928878641386063,44.069392775246072],[-82.793199091329384,44.023251059922607],[-82.633634382039048,43.831227979673372],[-82.523078303984732,43.225364666528762],[-82.486033479619948,43.102489788920444],[-82.4159275191098,43.005558752915682],[-82.469901161015983,42.887461746014061],[-82.467470383829962,42.76191155130536],[-82.509922157370156,42.637294312597582],[-82.58398358009859,42.554040340504571],[-82.679047217046786,42.522208778824336],[-82.706359599657219,42.621106754320621],[-82.639689171300134,42.661233301598934],[-82.707873712916651,42.675497326975503],[-82.801011216282518,42.629544693640902],[-82.755915855693985,42.564414054080991],[-82.859305616363969,42.541933914290887],[-82.92396060226892,42.352066253001155],[-83.096512997551287,42.290135877485191],[-83.133503621255414,42.088140337322116],[-83.441662380416048,41.808642414985442],[-83.424070893759193,41.740734217209571],[-83.453827000851064,41.732643359921703],[-84.806077992014949,41.696088510613862],[-84.805879061287968,41.760215455655413],[-86.824827287550093,41.760238800281151]]],[[[-89.2552089394121,47.876101239315318],[-88.631908,48.148307],[-88.425162,48.21065],[-88.427373,48.166764],[-88.55044,48.102111],[-88.579172,48.040758],[-88.852931252847668,47.965322704861627],[-88.898994011663063,47.900685419760478],[-89.157745085124347,47.82401442328711],[-89.2552089394121,47.876101239315318]]],[[[-90.418139177295288,46.566096050743546],[-90.045421887901782,46.668273695706354],[-89.831956541901576,46.804054144532422],[-89.415153975661809,46.843983086209164],[-89.227913946755265,46.912954071086709],[-89.142595007059271,46.984859117374207],[-88.959409107715871,47.008496120973319],[-88.889140262752449,47.100575197806911],[-88.584912572254254,47.24236126865047],[-88.41868065261356,47.371189756183938],[-88.217829821843921,47.448740664885896],[-87.801189647046797,47.473305094870966],[-87.59150256922922,47.424117270323293],[-87.604708506464775,47.388629173105905],[-87.941619376303777,47.390076445149766],[-87.943366217152757,47.335902289227867],[-88.194218693721908,47.209242225050865],[-88.239895707062161,47.139436211369016],[-88.340052695908838,47.080494202895018],[-88.477935859301866,46.850560174668054],[-88.143688682573824,46.96666515255756],[-88.065192647352248,46.918563131070734],[-87.900339510596709,46.909686107729861],[-87.595307172293602,46.782950051612907],[-87.503024997232046,46.647497030381707],[-87.38164887097912,46.580059015922508],[-87.366766811356726,46.507303008989503],[-86.976957641533843,46.52658097217784],[-86.90374159537636,46.466137960449508],[-86.810966570357365,46.449662948384791],[-86.695644608425496,46.555025936118696],[-86.557730561423625,46.487433915396892],[-86.138295943484906,46.672936488198616],[-85.482096775496885,46.680433732905136],[-85.256860942652452,46.753382022032334],[-84.964656610465013,46.772848408967171],[-85.028294689309305,46.67512755435893],[-85.027376029532363,46.553757995651793],[-84.969464989372824,46.476292166142343],[-84.849766755214787,46.460248626226807],[-84.678421413703049,46.48769925544773],[-84.493399840299986,46.440317574359156],[-84.420271211516734,46.501081939264971],[-84.293011713288948,46.492807102800242],[-84.193724477725226,46.539923767610368],[-84.117920994499073,46.517622343876447],[-84.138904211688953,46.372224210705433],[-84.097766190023052,46.256515265096176],[-84.114941726552701,46.174117043027302],[-83.882304127882307,46.042068118472415],[-83.815826216635685,46.108532592549132],[-83.598610567572806,46.090089131981863],[-83.480637326995804,45.996168122082061],[-83.526345896153018,45.91863975759064],[-83.583051365674507,45.915922562052735],[-83.657659960334612,45.945466364686887],[-84.080072626282501,45.970824729721905],[-84.376429648656725,45.931964388123973],[-84.480436619462552,45.977766207957771],[-84.734002394858038,45.907027934053566],[-84.706383234021786,45.848659940426209],[-84.79276316833483,45.858692832419067],[-85.003597565708844,46.006131646969749],[-85.381394721425025,46.082045528276062],[-85.540858906797908,46.079582417278722],[-85.697203971065122,45.96015935941282],[-85.810442968185995,45.980088418028444],[-85.913769879254218,45.919440459852268],[-86.07206788786894,45.965314605470915],[-86.278006587715723,45.942056929380577],[-86.349133648466733,45.83415995002629],[-86.541429742578501,45.708109969546193],[-86.616971868015185,45.620580985434231],[-86.636894983889562,45.542052998992759],[-86.712327876238987,45.610938984034604],[-86.705183757224106,45.69090097142211],[-86.647318698847144,45.732617964621966],[-86.773278634226685,45.811384957659044],[-86.838745746339669,45.722306962340603],[-86.964274894226421,45.672760959653111],[-87.070441812035838,45.71877895535512],[-87.172240870948414,45.661787956256589],[-87.548964417125461,45.191591673019396],[-87.590208894021544,45.095265011751842],[-87.648191701222487,45.106368950825157],[-87.74180478339126,45.197051639537847],[-87.657348670410258,45.368752201856111],[-87.863488043893909,45.353019937399665],[-87.777670681304784,45.609203886603453],[-87.824675769915032,45.653210847590898],[-87.781006818213129,45.673933915459223],[-87.879812081879024,45.75484284255522],[-88.10551835049786,45.798838498706537],[-88.135067413571733,45.821693459016302],[-88.073944398979535,45.875592608227002],[-88.115346517924422,45.922210577481557],[-88.526675923017223,46.020821533495372],[-88.657763115575094,45.989287036190845],[-89.09163117521112,46.138505559478652],[-90.120491117756458,46.336853605349276],[-90.21487030390135,46.499949195222293],[-90.331890873495837,46.553280217943581],[-90.387231514887262,46.53366508614463],[-90.418139177295288,46.566096050743546]]]]}},
{"type":"Feature","properties":{"STUSPS":"MN","NAME":"Minnesota"},"geometry":{"type":"Polygon","coordinates":[[[-97.229041080652038,49.000689730553084],[-95.153720574621289,48.998907873255142],[-95.153314,49.384358],[-95.058423114133433,49.353175506721108],[-94.952130035870425,49.368685565107661],[-94.816238826475683,49.320994941961644],[-94.683075789085649,48.883935999333055],[-94.694316710102171,48.789357964280306],[-94.508863772808937,48.70036656553313],[-94.281797612124066,48.705259629703448],[-94.250191170851636,48.656327325899213],[-93.844006650521962,48.629398826953675],[-93.805267947590593,48.570302345339194],[-93.815175640958984,48.526511039871444],[-93.467500136143514,48.545666840557899],[-93.464304349132192,48.591795106171929],[-93.347524107478961,48.626623210619414],[-92.954869874882519,48.631495309707432],[-92.728036865428862,48.539289686851902],[-92.634920544175358,48.542872191766904],[-92.657090974008014,48.466913654259976],[-92.456312817204591,48.414201057593694],[-92.46993658028498,48.351832533934726],[-92.369163791281849,48.22026426821968],[-92.314653315040431,48.240522960197772],[-92.262266198356471,48.354929061532118],[-92.055214566437272,48.35920878300935],[-92.000120022558349,48.32135080730113],[-91.980760088699824,48.247796997888699],[-91.714925041901949,48.199126818305544],[-91.692361093012167,48.119328400019363],[-91.559269268309563,48.108267075812464],[-91.542509810761842,48.053267844213082],[-91.250113510164837,48.084087523177821],[-90.843629720060818,48.243577583470667],[-90.775969007430675,48.122229867276694],[-90.70370948708316,48.09600948708632],[-90.566121356847674,48.122620448150279],[-90.13620149546486,48.112138437824413],[-90.029636188840783,48.087590880948937],[-89.973442888178496,48.02035292890897],[-89.868161586338786,47.989900670710476],[-89.749320893940421,48.023327346110193],[-89.489226,48.014528],[-89.974305769541658,47.830517412246898],[-90.421399105704012,47.735151671586891],[-90.73593442472162,47.624342492269946],[-91.023127493890286,47.464963932519034],[-91.456965384123109,47.139156879104455],[-92.06208947637036,46.804039472345785],[-92.015292025522371,46.706471051349887],[-92.143338929537578,46.731597648926709],[-92.205492394392508,46.664742509845951],[-92.292192056077184,46.663243197546194],[-92.294033855429902,46.074378723986214],[-92.351760836804118,46.015686871019319],[-92.656124886681823,45.924443548818495],[-92.869688308621875,45.715142860619949],[-92.881135482040747,45.57340954119244],[-92.756905256655585,45.557499817283251],[-92.646767532121075,45.43793031414198],[-92.76186881505393,45.284939295389201],[-92.740509878209494,45.113397168212735],[-92.802911831407144,45.065403911118899],[-92.761904826925417,45.022467919581736],[-92.750802566399344,44.941567754752185],[-92.80528692078056,44.768361346301646],[-92.549279335298323,44.577704570385833],[-92.361517070239785,44.558935531582087],[-92.232471382246686,44.445434196154849],[-91.963599291873422,44.362112379092792],[-91.916190356782266,44.318094488193054],[-91.892697709774382,44.231105503947951],[-91.817302001155497,44.164235608658643],[-91.573283521626351,44.026902427126139],[-91.440536176523167,44.001502698350933],[-91.243954530061131,43.773047018856218],[-91.273251705872099,43.666623656934455],[-91.217705608780335,43.500551679333235],[-96.453264580425014,43.500389403758518],[-96.457783936426111,45.307610147812746],[-96.52178984201889,45.375645005960543],[-96.710788984939271,45.436929760639252],[-96.851623990366434,45.619411943418477],[-96.587095206598519,45.816445571943852],[-96.554509201292078,46.083978487523645],[-96.601042447975757,46.319554311446069],[-96.709097014356445,46.435294035257506],[-96.790525214299521,46.636880076710497],[-96.76397531024503,46.91250725379944],[-96.833506288972956,47.010110203337518],[-96.854074921813805,47.572010371924726],[-97.146746611228721,48.168556717977026],[-97.149126210826168,48.532306408587317],[-97.100012478733433,48.667928169198667],[-97.229041080652038,49.000689730553084]]]}},
{"type":"Feature","properties":{"STUSPS":"MO","NAME":"Missouri"},"geometry":{"type":"Polygon","coordinates":[[[-95.765646382230855,40.58520600359779],[-94.091083204274511,40.572896922229475],[-91.729112753166547,40.613636654554249],[-91.498092545522212,40.401923095323575],[-91.419421713637391,40.378261150608239],[-91.469655680205747,40.322406129134556],[-91.511955646009142,40.170438302285433],[-91.484063731285218,40.019329554133805],[-91.43708983155274,39.946414698265464],[-91.436050830207833,39.8455079431128],[-91.361571000060664,39.787546091920646],[-91.367752962957951,39.729027226462044],[-91.148275289683809,39.54579653194638],[-91.100307397054138,39.538693542762957],[-91.038270499598227,39.448434473664307],[-90.72996137224807,39.255892485496759],[-90.681087058293514,39.100587641002228],[-90.713629969558468,39.053974364161753],[-90.657254772286251,38.920266833207357],[-90.555693587111847,38.870781691985847],[-90.467784653213641,38.961805866947607],[-90.395817298608677,38.960033803093332],[-90.11332931119918,38.849302100599715],[-90.117709067395552,38.805743933885765],[-90.209911437933144,38.726045750572467],[-90.184511191659325,38.611546517706273],[-90.349743958214717,38.377604993694668],[-90.363927123601215,38.236351525117826],[-90.218708984179287,38.094362042665871],[-90.008354179063915,37.970176565469892],[-89.954911205629998,37.96664458860819],[-89.974222099142111,37.919214622749124],[-89.923185968919924,37.87066962570804],[-89.851049036652682,37.903977587998178],[-89.69655936183274,37.814334325472309],[-89.667993011393534,37.759481268566304],[-89.521947946749293,37.696474871987306],[-89.494050926001762,37.580115659544553],[-89.512399906330472,37.529809568759795],[-89.425939656226305,37.407470265350021],[-89.428184543524907,37.35615713948367],[-89.517031338483307,37.281919017730736],[-89.470524264157888,37.253355912786546],[-89.359454353002207,37.042605097940914],[-89.098841662606489,36.957848374293505],[-89.156988522488362,36.75596659223087],[-89.202509623929529,36.716616590537932],[-89.165487739197914,36.662425135989928],[-89.227318747319117,36.569374222463061],[-89.324657826450164,36.62403156441141],[-89.378693904143248,36.622291666360951],[-89.407905990048675,36.562344650310649],[-89.544434118158833,36.574509825893735],[-89.571481145017529,36.53808676849728],[-89.510380220915977,36.378355052061522],[-89.522695218385778,36.344787855482743],[-89.600544161387504,36.342983843057901],[-89.611819150642319,36.309086658296508],[-89.554289200522405,36.27774947432988],[-89.692630060812874,36.224957235668064],[-89.592102093418319,36.135634865009919],[-89.680029028559744,36.082491521191393],[-89.692437008116869,36.020504184451909],[-89.733095000891723,36.000604987355786],[-90.368717737126858,35.995808745652987],[-90.294492088193948,36.112949991531302],[-90.063980191484944,36.303038114203012],[-90.066136168760778,36.386272121877489],[-90.131038142716903,36.415069265821955],[-90.153871116562073,36.495344263064382],[-94.617918343291279,36.499410161331262],[-94.591934238867125,39.155001001945521],[-94.680337349823418,39.184300743379332],[-94.741939375492322,39.170200604260913],[-94.799664491385528,39.206015452680575],[-94.90806727752306,39.323660633949409],[-94.888974561379854,39.392430041584809],[-94.94666506430633,39.399715003553645],[-95.113559015809116,39.553938984157611],[-95.047167824360386,39.595115467481975],[-95.037466484330764,39.65290368361115],[-94.971319357319416,39.686408943304293],[-94.971080000736009,39.723145028685494],[-94.860372451598906,39.749529131110613],[-94.878678404159146,39.826521226972744],[-94.951541380680098,39.900532284780098],[-95.081535285917425,39.861717029735537],[-95.382957624138371,40.027110689541985],[-95.414734723190179,40.069818595922662],[-95.394216813305249,40.108261653996635],[-95.4810209861066,40.188522414577207],[-95.472549094037703,40.23607644117736],[-95.653730194087387,40.32258017738485],[-95.64941915259655,40.396147031120584],[-95.714292291159012,40.527205957525226],[-95.757111427965839,40.52598810048832],[-95.765646382230855,40.58520600359779]]]}},
{"type":"Feature","properties":{"STUSPS":"MS","NAME":"Mississippi"},"geometry":{"type":"Polygon","coordinates":[[[-91.621359152790689,31.267806570182156],[-91.508859280005154,31.291639834384995],[-91.53606222018395,31.338350832133425],[-91.517141163196712,31.498390041369031],[-91.43761730727509,31.546161973029729],[-91.463818441810048,31.620360909440127],[-91.395716403603714,31.644160919486822],[-91.38091644895654,31.732459909726373],[-91.318577295348661,31.745311001820664],[-91.359515320629257,31.799358062042074],[-91.34571521589163,31.842857188897725],[-91.290136103478019,31.833654244330312],[-91.181110916699041,31.920055451339454],[-91.177410853480083,31.973253559059426],[-91.117409843759205,31.987053537584497],[-91.034707911990694,32.101049571984298],[-91.108509938145559,32.208146664162427],[-90.99122802461342,32.21465865177381],[-90.921171183301155,32.342069593076836],[-90.986673182290687,32.351756669374772],[-90.965987276538442,32.424802636638368],[-91.052908287533384,32.438438672536911],[-91.060517396378543,32.512357661698609],[-91.011276387485125,32.516592666636669],[-91.079507517782631,32.600676623724688],[-91.098763647253747,32.685287577156501],[-91.057000657531844,32.725576590318717],[-91.157615827804747,32.776029513575644],[-91.137891855716632,32.848971566802199],[-91.070603775240045,32.88865561139945],[-91.072076803216575,32.93782862555782],[-91.166075019590991,33.0041026567825],[-91.120380922667565,33.054526651510557],[-91.180838022140406,33.098360745359543],[-91.153016953585208,33.135089833039977],[-91.104318864995108,33.131594811872347],[-91.068709771674207,33.232932978079646],[-91.086138753787438,33.273649043173194],[-91.125540798866027,33.28025209876386],[-91.142220676056382,33.348986178848385],[-91.113765561852844,33.393121166501935],[-91.215672306345127,33.529420514696064],[-91.130903200088852,33.610916485120512],[-91.178312126249864,33.651106645884838],[-91.100981143704743,33.660548521344289],[-91.07539008731267,33.714400579665288],[-91.143288003928447,33.747138754320538],[-91.111495040330809,33.774565714315678],[-91.02678307735367,33.763639580722554],[-91.061248113038602,33.877502699573725],[-91.026383112024391,33.907977694394333],[-91.03596212719404,33.943755726864417],[-91.088697175397257,33.961331756824855],[-90.892420996800112,34.0268576532971],[-90.874541981250232,34.072038638708598],[-90.946324127900638,34.109371715580217],[-90.882702021223366,34.184361657282082],[-90.894561064605838,34.224377672549124],[-90.752681581001255,34.289263578204611],[-90.765174539653529,34.3428156428634],[-90.729131430396535,34.364203657979395],[-90.660404366668644,34.335757624621465],[-90.641398251435717,34.383866692850852],[-90.575336076892654,34.41514975345504],[-90.549243921931648,34.568098773580381],[-90.587224048276198,34.615729699996429],[-90.463794925255598,34.834920291421618],[-90.250094880224779,34.907317211215187],[-90.244475897666874,34.937593211244192],[-90.309297368637033,34.995692170374035],[-88.200064314290202,34.99563395700627],[-88.09788831425054,34.892199834746584],[-88.468659202416333,31.933170576310733],[-88.409927989610068,30.342109589322281],[-88.471876522552421,30.320014958230111],[-88.971235743006318,30.390793484445346],[-89.344747869496146,30.293192139671856],[-89.447466514114467,30.20509440137592],[-89.524505276364565,30.180749435152446],[-89.607656217213332,30.217092304843341],[-89.678515148329268,30.41400823750055],[-89.79166494479594,30.551520317775015],[-89.82186890488768,30.644020246377142],[-89.83633190194773,30.727193177020162],[-89.728147798731101,31.002426813404291],[-91.636943504427819,30.999411142639079],[-91.560366503499765,31.049503339272405],[-91.621672324127516,31.136865372933482],[-91.59005227944202,31.193688522867902],[-91.6443571592431,31.234409472120813],[-91.621359152790689,31.267806570182156]]]}},
{"type":"Feature","properties":{"STUSPS":"NC","NAME":"North Carolina"},"geometry":{"type":"Polygon","coordinates":[[[-84.286598501977821,35.205757988262832],[-84.223718177703191,35.269077738037218],[-84.178516136967573,35.240678818701468],[-84.097508128779182,35.247381886215415],[-84.023510194760973,35.295782981748658],[-84.021782379519564,35.407418056925131],[-83.77173633448858,35.562118183419088],[-83.498334090189189,35.56298161516078],[-83.347261755439774,35.660473855983589],[-83.297154004261756,35.657749430073274],[-83.255351351662895,35.716228896030458],[-83.161537402100777,35.763361826715631],[-82.978414264629336,35.782609012694614],[-82.899718121351114,35.874600946932681],[-82.910608083043343,35.926928891129819],[-82.86072404263669,35.947428862258221],[-82.816130037341779,35.923984887853997],[-82.779396980585958,35.992509782217809],[-82.628364766819288,36.062103784619083],[-82.5955247483097,36.026010818362735],[-82.610884810509546,35.974440870967776],[-82.557873763019785,35.95389993169956],[-82.464557673882709,36.006506971263995],[-82.40945764629376,36.08340809347397],[-82.297654769535072,36.133509478344266],[-82.211250860481428,36.159011681254071],[-82.12714590491224,36.104416685385381],[-82.028739954080706,36.124321733357007],[-81.90813701374843,36.302012829864218],[-81.833202019108526,36.347338897762285],[-81.705965996748319,36.338495977588302],[-81.734312008523773,36.413341976303933],[-81.695311014706988,36.467912006950577],[-81.677535019568325,36.588117047347176],[-80.295243231196395,36.543972242630545],[-75.867037167170992,36.550750881855997],[-75.796404345450014,36.290346938052004],[-75.496083665836366,35.72851111048552],[-75.458657690527644,35.596592950573054],[-75.533626047705638,35.225822252532524],[-75.757914989584492,35.183076391307878],[-76.137266491774213,34.987854708635965],[-76.386801909948062,34.784575183350277],[-76.535944737019534,34.588573378974417],[-76.618717601330943,34.672546817301125],[-76.72696764459306,34.696687476597774],[-76.906254885800465,34.682817038600788],[-77.136840230896922,34.632922463154223],[-77.46291876930546,34.471350745144029],[-77.764018106801615,34.245637164193056],[-77.82920528382293,34.16261448217741],[-77.960169337683737,33.85331191270447],[-78.13694943881859,33.912175217188889],[-78.276144703285567,33.912361376188869],[-78.54108482671235,33.851109175279667],[-79.675298068407301,34.804741841498533],[-80.796994802521425,34.823869321840007],[-80.782039609751024,34.935777366481283],[-80.934947701079139,35.107404848510072],[-81.041487059079884,35.044698975964081],[-81.042868188152795,35.149243991864964],[-82.411300877640713,35.202483134496653],[-82.686039830354446,35.124545189930835],[-82.746430809505,35.079131216963781],[-83.108605654881117,35.000659108537192],[-84.321869000274447,34.988408051535245],[-84.286598501977821,35.205757988262832]]]}},
{"type":"Feature","properties":{"STUSPS":"ND","NAME":"North Dakota"},"geometry":{"type":"Polygon","coordinates":[[[-104.048735946091455,48.999876776548959],[-97.229041080652038,49.000689730553084],[-97.100012478733433,48.667928169198667],[-97.149126210826168,48.532306408587317],[-97.146746611228721,48.168556717977026],[-96.854074921813805,47.572010371924726],[-96.833506288972956,47.010110203337518],[-96.76397531024503,46.91250725379944],[-96.790525214299521,46.636880076710497],[-96.709097014356445,46.435294035257506],[-96.601042447975757,46.319554311446069],[-96.554509201292078,46.083978487523645],[-96.563674060400359,45.935245559089061],[-104.045446299098671,45.94531523591661],[-104.048735946091455,48.999876776548959]]]}},
{"type":"Feature","properties":{"STUSPS":"NE","NAME":"Nebraska"},"geometry":{"type":"Polygon","coordinates":[[[-104.053249275806351,41.001407714535858],[-104.053131841959882,43.000590854301038],[-98.498548031197871,42.998556997507698],[-98.434501511061555,42.92922404747646],[-98.148059878871493,42.840009986529608],[-98.035034153582231,42.764202302344302],[-97.950147435644169,42.769616323747123],[-97.857957961620173,42.865090056968469],[-97.70103136801842,42.843794417611413],[-97.302077531638332,42.865657931918811],[-97.131333390153259,42.771927293706781],[-96.697640623765608,42.659141826471767],[-96.70930145380639,42.603751772239931],[-96.611489824217927,42.506086790426657],[-96.525142612963577,42.510232878928164],[-96.381307007534005,42.461693183229556],[-96.40799812980903,42.337407275112795],[-96.336003231288473,42.264805398385796],[-96.347752277078897,42.166805350134823],[-96.268900416998505,42.113589373854381],[-96.27287743629671,42.047237338101787],[-96.132537307537689,41.974624386467589],[-96.159098207869874,41.910056178067165],[-96.064536892208011,41.793000994613905],[-96.118104781049723,41.613493506992711],[-96.08049278535799,41.52819737305051],[-96.005078878663582,41.544002505868811],[-95.982961862473118,41.469776325318136],[-95.922528656113727,41.455764260089992],[-95.92568973192337,41.322194942897987],[-95.890151639930778,41.278305832746497],[-95.909689985575397,41.184395746753083],[-95.856787867584572,41.187095742275829],[-95.865878713236896,41.017400684904501],[-95.810710012165174,40.886678720250501],[-95.841310014144582,40.845601754922264],[-95.834157101383269,40.783013781548384],[-95.888698061401016,40.736289857494221],[-95.748627374672395,40.603352960674968],[-95.757111427965839,40.52598810048832],[-95.714292291159012,40.527205957525226],[-95.694727288201136,40.493600020138146],[-95.64102813854511,40.366397061069236],[-95.653730194087387,40.32258017738485],[-95.472549094037703,40.23607644117736],[-95.4810209861066,40.188522414577207],[-95.394216813305249,40.108261653996635],[-95.414734723190179,40.069818595922662],[-95.308290607337554,39.999996895626794],[-102.051744218550922,40.003077913224161],[-102.05161325402203,41.002377068030647],[-104.053249275806351,41.001407714535858]]]}},
{"type":"Feature","properties":{"STUSPS":"NH","NAME":"New Hampshire"},"geometry":{"type":"Polygon","coordinates":[[[-72.53959970840711,42.804831929691495],[-72.532186342077722,42.954944133610127],[-72.444977097491218,43.004414718649215],[-72.451802090506661,43.153484566352333],[-72.402531669201636,43.320378373655679],[-72.379439270353174,43.57406726020433],[-72.329521194842584,43.60839119272098],[-72.284803842546964,43.720358015777968],[-72.183331620284562,43.808174837094668],[-72.105873821806782,43.949367723043409],[-72.116704772007992,43.991951679165254],[-72.036882619623114,44.103116851293656],[-72.061337782283573,44.18494892238661],[-72.046302245852715,44.291980914601176],[-72.002314537411692,44.32486880862082],[-71.818837617092512,44.352936978916446],[-71.579973578059352,44.501776336356819],[-71.551721977013401,44.627596468324398],[-71.626909752782169,44.747222569164606],[-71.494403851770031,44.911835616452557],[-71.531606008332403,44.976021543343727],[-71.405633498477357,45.198136354597274],[-71.438543425258914,45.239001699356749],[-71.283681448950162,45.301975439314724],[-71.13942713714529,45.242956513732473],[-71.083921027013204,45.305449456564332],[-70.954752650176303,43.509800507652919],[-70.984332878143661,43.37612681103672],[-70.813117116970545,43.21725118154621],[-70.828098208221959,43.129085241768664],[-70.703816324523757,43.05982436176177],[-70.817294484529583,42.872289216761622],[-71.031199585068592,42.859088286182832],[-71.064199786657881,42.806288425837238],[-71.149702073963525,42.815488457335569],[-71.186103292653598,42.790688624370418],[-71.181802468013984,42.737589838423659],[-71.255604740006163,42.736388949815058],[-71.294204704317607,42.696989710519716],[-72.458518364311487,42.726853082448812],[-72.53959970840711,42.804831929691495]]]}},
{"type":"Feature","properties":{"STUSPS":"NJ","NAME":"New Jersey"},"geometry":{"type":"Polygon","coordinates":[[[-75.559443934659271,39.629813867117328],[-75.415060245977926,39.801920321206346],[-75.133418602682511,39.896214598683038],[-75.119218446295676,39.965413346444279],[-74.721603604765107,40.153810567332705],[-74.969595922354344,40.399770273381478],[-75.056100857960416,40.416066424321436],[-75.078501904086451,40.548296417585995],[-75.186735751390657,40.56940668027972],[-75.177475716980652,40.764225586781563],[-75.108504095801862,40.791094366564245],[-75.065437547818846,40.885682243039504],[-75.133085932556227,40.980179263089958],[-74.905255874427993,41.155667955431888],[-74.815703021675915,41.296150721547932],[-74.694913973837743,41.357422495646496],[-73.893978837147813,40.9971967572775],[-74.047312866701404,40.690465675243111],[-74.086805995206959,40.651595787748512],[-74.2022471089834,40.630902937208596],[-74.260611762737938,40.502435727647871],[-74.261889581381098,40.464705724450184],[-74.206188514157148,40.440706779922607],[-74.047884578639653,40.418908009322394],[-73.99794346077303,40.476668005567419],[-73.976982669029198,40.408508060276304],[-74.101444909012571,39.756175127301454],[-74.366991811908235,39.402020154607953],[-74.646594979715431,39.212006817163946],[-74.807915605580106,38.985953990764905],[-74.864456403839043,38.940415395969758],[-74.967272064774647,38.933417247016322],[-74.885912615717032,39.143631738376499],[-74.905179631343728,39.174949627868862],[-75.048485447894208,39.215226168213043],[-75.136665323281932,39.18188634060796],[-75.244355249388079,39.285702660905535],[-75.536428731559667,39.460561401667668],[-75.512729806688142,39.578001833677966],[-75.559443934659271,39.629813867117328]]]}},
{"type":"Feature","properties":{"STUSPS":"NY","NAME":"New York"},"geometry":{"type":"MultiPolygon","coordinates":[[[[-72.018924743839705,41.274114006143911],[-71.926801046068633,41.290122202210767],[-71.91727992851628,41.251333180313964],[-72.034752632282007,41.234817976844596],[-72.018924743839705,41.274114006143911]]],[[[-79.761954193198591,42.269857695664577],[-79.138571102307026,42.564461793912095],[-79.048861430184346,42.689156858728261],[-78.851355937074644,42.791756375827489],[-78.912458894876167,42.886555370438515],[-78.909159825442657,42.933255354720487],[-79.019964948701514,42.994754422643922],[-79.005450752220483,43.057229359690311],[-79.074468044126178,43.077853623770082],[-79.044567735929391,43.153253495594406],[-79.070469608696158,43.262452555267132],[-78.54739538318988,43.369539246380256],[-78.14519549225912,43.375507996469295],[-77.7602313196805,43.341158976934061],[-77.551022343090949,43.235760599702111],[-77.341093015257215,43.280658128864339],[-76.952175605228391,43.27068994692393],[-76.769026449113028,43.318450319212303],[-76.417582024389759,43.52128376684572],[-76.235834833369012,43.529254858537662],[-76.203473814332241,43.574976896544896],[-76.229268933448282,43.804134142746008],[-76.296759010483129,43.857078292298567],[-76.441848952545172,43.882863455355483],[-76.412138969539583,43.925675522823532],[-76.279315122677389,43.972461488154408],[-76.307675189962737,44.025276569814402],[-76.375561110154976,44.03153563788689],[-76.334585575938547,44.164944595048581],[-76.164266142767346,44.239602303062675],[-76.16183412691889,44.280776117081707],[-75.949539768685526,44.349127194116193],[-75.834125821780262,44.422430997600991],[-75.766229761383926,44.515848959444313],[-75.255516378789522,44.857649096174939],[-74.992755194624152,44.977448646321704],[-74.834670020364825,45.014680935488968],[-74.744642594991547,44.990575636544946],[-73.343123771268594,45.010837772590428],[-73.338979176039544,44.917678355518952],[-73.379822154405105,44.857034156722541],[-73.334430446341855,44.802184324532824],[-73.38996606305804,44.61961740403261],[-73.293613179644339,44.440556699888667],[-73.334636827623314,44.356874852691853],[-73.31661759971557,44.257766784636985],[-73.395398133783431,44.166900853811811],[-73.436878489727178,44.042575663943325],[-73.374049499952008,43.875560924477256],[-73.390300512399278,43.817369127144318],[-73.350705637686517,43.770461220099726],[-73.424975953631943,43.59877386953562],[-73.395766055340829,43.568085918488087],[-73.327700955730705,43.625911629908458],[-73.242041143077444,43.534923778028897],[-73.290943821128593,42.801919709437094],[-73.264956740013105,42.745939721083431],[-73.508142519493362,42.08625691615709],[-73.487314554167639,42.049637857643262],[-73.550960765836749,41.295421564505432],[-73.482708731471504,41.212759587574929],[-73.727774996775395,41.100695748488839],[-73.657335993071797,40.985170865564626],[-73.76627611373388,40.88109835406302],[-73.654372025778088,40.878198443793941],[-73.499940870010377,40.918165783894047],[-73.485364888944545,40.946396853451056],[-73.392861852294345,40.955296664608241],[-73.229284787302234,40.90512017985403],[-73.110367417684017,40.971937140242403],[-72.58532597317101,40.997586446421536],[-72.354121844128173,41.139951675820619],[-72.18916176506319,41.19354881146247],[-72.283091558748382,41.067873706349602],[-72.162896357344209,41.053186904446584],[-72.126702473794211,41.115138939026352],[-72.084205386219168,41.101524019956756],[-72.095709283670487,41.054020033467758],[-72.05192615541884,41.020506147559445],[-71.959593272083168,41.071237293758806],[-71.856212418435021,41.070598537977347],[-71.936975106453644,41.00613742375883],[-73.208440061734862,40.630882683823458],[-73.774928349109786,40.590758272775332],[-73.940591343152661,40.54289578647537],[-74.057316170590738,40.597545806659092],[-74.112585404500649,40.54760285273025],[-74.260611762737938,40.502435727647871],[-74.2022471089834,40.630902937208596],[-74.086805995206959,40.651595787748512],[-74.047312866701404,40.690465675243111],[-73.893978837147813,40.9971967572775],[-74.694913973837743,41.357422495646496],[-74.73489295548238,41.425817479976828],[-74.982463579771078,41.496467041650781],[-75.043879706755533,41.575094082420954],[-75.074411577189906,41.802190144524644],[-75.263004379418689,41.885108045594855],[-75.341124172069058,41.992770584597238],[-79.761314104608303,41.998807144767909],[-79.761954193198591,42.269857695664577]]]]}},
{"type":"Feature","properties":{"STUSPS":"OH","NAME":"Ohio"},"geometry":{"type":"MultiPolygon","coordinates":[[[[-82.863336683442483,41.693691447070805],[-82.825714427160477,41.722808078031115],[-82.782713790179614,41.694001412984768],[-82.788871384550959,41.643046101768981],[-82.842094367142693,41.628322199409631],[-82.863336683442483,41.693691447070805]]],[[[-84.820154633386252,39.105479516211844],[-84.806077992014949,41.696088510613862],[-83.453827000851064,41.732643359921703],[-83.40952584925823,41.691244002287206],[-83.326819513345171,41.70155890929324],[-83.066587675255505,41.595339209906939],[-82.93436481765869,41.514352986249769],[-82.834096814958457,41.587586699547394],[-82.717874910194979,41.541930577631618],[-82.616949249718331,41.42842504800084],[-82.460596299011513,41.386315180513442],[-81.994563730179763,41.514437276165189],[-81.738754142873631,41.488547461584751],[-81.286923716758622,41.76024051737317],[-80.519424686807525,41.977522556577647],[-80.518989199380911,40.638799565649364],[-80.627169201370521,40.619934482055505],[-80.667955127187327,40.58249441924346],[-80.604893005293121,40.446665330519671],[-80.631594008237997,40.385466274046792],[-80.606594054989458,40.303867253395978],[-80.736801813580385,40.080069690506512],[-80.740123825112988,39.970790571140164],[-80.803391894675826,39.918759579162682],[-80.824966955461093,39.801089892787367],[-80.86993093185626,39.763552992140546],[-80.82976194403075,39.711837118038943],[-81.12853078853972,39.449373494095525],[-81.347564938814585,39.345768695668632],[-81.456140783731769,39.409272828569691],[-81.559644904393053,39.33077300677283],[-81.565244992029633,39.276174023446934],[-81.67832869280204,39.273754265141669],[-81.752751755647736,39.184675249472868],[-81.742951087020913,39.106577029470742],[-81.807853384299364,39.083976915208147],[-81.775732587126228,38.980735662901083],[-81.827352648615815,38.94589651086936],[-81.898468753581042,38.929601380645529],[-81.941828083246904,38.993293428040808],[-82.041562113697253,39.017876375458933],[-82.161568310132239,38.82462974794953],[-82.209288222699854,38.802669591511901],[-82.17516541446426,38.608481771566773],[-82.274268564505306,38.593680791540855],[-82.323997848136401,38.449266052892263],[-82.560662981606797,38.404336152413023],[-82.59367198695017,38.421807195451173],[-82.618472986702798,38.477087258615121],[-82.724844936816112,38.557598253015158],[-82.800110931434887,38.563181217482516],[-82.851312851796749,38.604332152682595],[-82.889191667824363,38.756074073318672],[-83.011814837457536,38.730055051267108],[-83.172645670820216,38.620250068310206],[-83.239513594209228,38.628586076431574],[-83.286512546402776,38.599239089114597],[-83.376300486323828,38.661471135971645],[-83.533337513314308,38.702103124727998],[-83.626920689554694,38.679384922307662],[-83.679482575418916,38.630033929131315],[-83.772158693502234,38.658147755940682],[-83.852083459588272,38.751430581777612],[-84.212900827494238,38.805705430579216],[-84.326535836186295,39.027461996983845],[-84.400937022573473,39.046361054416771],[-84.462039178032498,39.121759037274465],[-84.607925403012089,39.073237150512647],[-84.750746459520158,39.147357085157289],[-84.820154633386252,39.105479516211844]]]]}},
{"type":"Feature","properties":{"STUSPS":"OK","NAME":"Oklahoma"},"geometry":{"type":"Polygon","coordinates":[[[-103.00243539302376,36.500394498016433],[-103.002202031222865,37.000103725811258],[-94.617965082365885,36.998900797026671],[-94.617918343291279,36.499410161331262],[-94.431517461121416,35.369590040598382],[-94.485878049640846,33.637865514349876],[-94.528931091037009,33.621838493932522],[-94.572874993334679,33.669884288822104],[-94.766149045554144,33.748028740943759],[-94.841637264741237,33.73942887295761],[-94.981653431017975,33.85228217331575],[-95.22639612999599,33.961952370648774],[-95.283448163447019,33.877744426618854],[-95.352341056024954,33.867787407923529],[-95.525324771233599,33.885485347041254],[-95.556917728535751,33.927018336819273],[-95.603659675895514,33.927193330407256],[-95.820598430325816,33.858463322658508],[-95.935327310926539,33.875097337401677],[-96.151632208142786,33.831944356052027],[-96.229025172920956,33.748019375412625],[-96.277271149462777,33.769733392795089],[-96.363137028010371,33.694213503828855],[-96.436457033505548,33.780048512080938],[-96.50228797977455,33.77345856726221],[-96.523865029575489,33.818112522770932],[-96.592928055384604,33.830914509492601],[-96.590114102723803,33.8806634626592],[-96.659898146434017,33.916664431071261],[-96.712424078381687,33.831631507517585],[-96.794278172813392,33.86888449568189],[-96.850595227118717,33.847209534366449],[-96.905255366782924,33.947217513957582],[-96.952315420382789,33.944580546899324],[-96.985569423685419,33.886520581017457],[-97.055840503104037,33.85573959400778],[-97.09107451978501,33.735113617003897],[-97.149396592279516,33.721965629082725],[-97.205654767346829,33.809822600072891],[-97.166631668472093,33.847309596193938],[-97.206143655833898,33.91427859024887],[-97.372943819172093,33.819452740290579],[-97.444195808606693,33.823771822086002],[-97.486507778443823,33.91699287248565],[-97.558272832593502,33.89709798031955],[-97.609093871709149,33.968091985158445],[-97.671774931537868,33.991369000584228],[-97.865768021082829,33.849392370026131],[-97.951218068038571,33.878423306257723],[-97.947575096853285,33.991052148481501],[-98.082842287713675,34.002411161291398],[-98.123380608054461,34.154539155232818],[-98.169123606863252,34.114170157033257],[-98.364026785708987,34.157108089697218],[-98.414429710899256,34.085073106746762],[-98.475069692217232,34.064268107012452],[-98.577139774170135,34.148960892447178],[-98.648076773053589,34.164439769817392],[-98.737235673879383,34.130990643480111],[-98.940223441752991,34.203684512584751],[-99.189514660124644,34.214310608144174],[-99.211603495796211,34.313968545836566],[-99.35040961953743,34.43708111264548],[-99.394958523702812,34.442097089014403],[-99.420434693257846,34.380462142605111],[-99.584482361353494,34.407671134196889],[-99.600028396868481,34.374686151439938],[-99.696464292352161,34.381034242835497],[-99.929336127537681,34.576712407922493],[-100.000383141987882,34.560507440507756],[-100.000408779560544,36.499700055594154],[-103.00243539302376,36.500394498016433]]]}},
{"type":"Feature","properties":{"STUSPS":"PA","NAME":"Pennsylvania"},"geometry":{"type":"Polygon","coordinates":[[[-80.519339875304439,39.721401450207502],[-80.519424686807525,41.977522556577647],[-80.154084577690227,42.114756208992084],[-80.08851284657861,42.173183428158254],[-80.020324026493668,42.163115331022993],[-79.761954193198591,42.269857695664577],[-79.761314104608303,41.998807144767909],[-75.341124172069058,41.992770584597238],[-75.263004379418689,41.885108045594855],[-75.074411577189906,41.802190144524644],[-75.043879706755533,41.575094082420954],[-74.982463579771078,41.496467041650781],[-74.73489295548238,41.425817479976828],[-74.694913973837743,41.357422495646496],[-74.815703021675915,41.296150721547932],[-74.905255874427993,41.155667955431888],[-75.133085932556227,40.980179263089958],[-75.065437547818846,40.885682243039504],[-75.108504095801862,40.791094366564245],[-75.177475716980652,40.764225586781563],[-75.192610603461262,40.715874661863332],[-75.186735751390657,40.56940668027972],[-75.078501904086451,40.548296417585995],[-75.056100857960416,40.416066424321436],[-74.969595922354344,40.399770273381478],[-74.721603604765107,40.153810567332705],[-75.119218446295676,39.965413346444279],[-75.133418602682511,39.896214598683038],[-75.415060245977926,39.801920321206346],[-75.570431153311361,39.839186028424351],[-75.662844398659558,39.821426295122919],[-75.773784285893868,39.722201428004809],[-80.519339875304439,39.721401450207502]]]}},
{"type":"Feature","properties":{"STUSPS":"RI","NAME":"Rhode Island"},"geometry":{"type":"MultiPolygon","coordinates":[[[[-71.63147156895576,41.166678091383879],[-71.593342096605767,41.237427757238379],[-71.54541031140765,41.242729499559879],[-71.519209926076442,41.14962360012607],[-71.63147156895576,41.166678091383879]]],[[[-71.860512384268091,41.320248377521295],[-71.839648762991956,41.412119521185382],[-71.797682890071002,41.416709615341311],[-71.799242765988438,42.008064980739199],[-71.381401810691145,42.018799009752513],[-71.381700626436412,41.893199876212108],[-71.339298698424059,41.893399874224947],[-71.329396518918784,41.782600644399814],[-71.195640546975653,41.675090592784791],[-71.132888441708772,41.660102602746576],[-71.120570428186014,41.497448415257878],[-71.193020611937271,41.457931361151694],[-71.2856397520206,41.487805500922896],[-71.312694674656328,41.451402347852408],[-71.428652491771743,41.454158304724551],[-71.483295453634298,41.371721873175737],[-71.860512384268091,41.320248377521295]]]]}},
{"type":"Feature","properties":{"STUSPS":"SC","NAME":"South Carolina"},"geometry":{"type":"Polygon","coordinates":[[[-83.353234997688261,34.728646629489077],[-83.323863554999974,34.789710675893836],[-83.140620656133066,34.924913550184776],[-83.108605654881117,35.000659108537192],[-82.746430809505,35.079131216963781],[-82.686039830354446,35.124545189930835],[-82.411300877640713,35.202483134496653],[-81.042868188152795,35.149243991864964],[-81.041487059079884,35.044698975964081],[-80.934947701079139,35.107404848510072],[-80.782039609751024,34.935777366481283],[-80.796994802521425,34.823869321840007],[-79.675298068407301,34.804741841498533],[-78.54108482671235,33.851109175279667],[-78.772734340808086,33.768507439160828],[-78.938074348471844,33.639822964478775],[-79.135439726536703,33.403863941592618],[-79.172392766854429,33.206573777174277],[-79.329907690395189,33.089982690882316],[-79.359959589704388,33.006668605421673],[-79.483497609117975,33.001261659146415],[-79.522447680995754,33.035346705196481],[-79.580723710214045,33.006443759934406],[-79.60661374056771,32.972244755895133],[-79.569760713683067,32.926688661977757],[-79.868350820455731,32.734846605543964],[-79.884959743136761,32.68439963262589],[-80.000799584089364,32.605890090137621],[-80.148404790398189,32.578476595914871],[-80.338353307349351,32.47872683829025],[-80.465710055509689,32.495296272557951],[-80.48461673310841,32.460972268716624],[-80.434301610595,32.375189613844078],[-80.455190097721342,32.32645464713314],[-80.596391055807842,32.273545409135338],[-80.714598188543604,32.325652366761688],[-80.766034727116008,32.292604177371715],[-80.66916219932898,32.216779104573966],[-80.721458540613312,32.16042291771651],[-80.858730208950902,32.09957709833354],[-80.885511663573936,32.034596270700348],[-81.006740631521268,32.101148436302211],[-81.038260635751882,32.084465342922243],[-81.113330693057989,32.113201248134622],[-81.15352958392117,32.237683032256861],[-81.133031007494807,32.334791346465487],[-81.194930820027906,32.411487938279691],[-81.194829116827194,32.465085988540778],[-81.397106739764723,32.60558804946595],[-81.420621278164802,32.831222720438618],[-81.499567516019766,32.943721332048966],[-81.502031548858398,33.015111875016601],[-81.755136662459662,33.151548976615764],[-81.763536649190783,33.20364692420825],[-81.846537553441024,33.241744884649172],[-81.846137559782164,33.303841779429945],[-81.932738405076307,33.343539747259257],[-81.926337347287969,33.4629355583169],[-82.161908981792607,33.61064115081016],[-82.324480842703665,33.820030525106816],[-82.556835646627306,33.945350895905207],[-82.715373316128307,34.148162696803809],[-82.873831181232177,34.471505642040562],[-83.048289002583459,34.493251766690619],[-83.154576634787745,34.588196040019341],[-83.338687756736959,34.682000484372537],[-83.353234997688261,34.728646629489077]]]}},
{"type":"Feature","properties":{"STUSPS":"SD","NAME":"South Dakota"},"geometry":{"type":"Polygon","coordinates":[[[-104.053131841959882,43.000590854301038],[-104.045446299098671,45.94531523591661],[-96.563674060400359,45.935245559089061],[-96.587095206598519,45.816445571943852],[-96.851623990366434,45.619411943418477],[-96.710788984939271,45.436929760639252],[-96.52178984201889,45.375645005960543],[-96.457783936426111,45.307610147812746],[-96.453264580425014,43.500389403758518],[-96.598933231699192,43.500456235891676],[-96.594258760303916,43.434152194189323],[-96.521576223161304,43.385639215734471],[-96.530395754704969,43.300033161421467],[-96.578826767010966,43.29109411174997],[-96.522087360498958,43.220959114212917],[-96.475574323590877,43.221053182106921],[-96.439337918322252,43.11391514549176],[-96.511607720498148,43.03992594398013],[-96.500310355714504,42.959389915658839],[-96.621876833450131,42.779253920148648],[-96.624705634898291,42.725495907002305],[-96.526767032274279,42.641182923200958],[-96.476952605404762,42.556077966228791],[-96.492970538934628,42.51728092069974],[-96.445508260670465,42.490629026557606],[-96.611489824217927,42.506086790426657],[-96.70930145380639,42.603751772239931],[-96.697640623765608,42.659141826471767],[-97.131333390153259,42.771927293706781],[-97.237870634530211,42.853137010676647],[-97.857957961620173,42.865090056968469],[-97.950147435644169,42.769616323747123],[-98.035034153582231,42.764202302344302],[-98.148059878871493,42.840009986529608],[-98.434501511061555,42.92922404747646],[-98.498548031197871,42.998556997507698],[-104.053131841959882,43.000590854301038]]]}},
{"type":"Feature","properties":{"STUSPS":"TN","NAME":"Tennessee"},"geometry":{"type":"Polygon","coordinates":[[[-90.30069732494718,35.02879136410224],[-90.197146351973203,35.050729272192193],[-90.160058148932805,35.128828973019161],[-90.090610118535821,35.118285900274607],[-90.097946849210018,35.24998281420519],[-90.166593888201703,35.274588049541265],[-90.087902877476182,35.363270030337191],[-90.112503890976441,35.410153215209341],[-90.045305894916538,35.415434992663229],[-90.022063918599216,35.457374984161817],[-90.037614947037937,35.550329129617943],[-89.958497966007286,35.541702794551988],[-89.932499979278958,35.607864682742402],[-89.876547987026896,35.626652432708582],[-89.956588989705878,35.695485794532033],[-89.915490998824509,35.754916588438881],[-89.8638739935422,35.747591365113387],[-89.723425993011517,35.809380374039776],[-89.722633995859439,35.873715912911706],[-89.647270001414014,35.894917823164832],[-89.733095000891723,36.000604987355786],[-89.692437008116869,36.020504184451909],[-89.680029028559744,36.082491521191393],[-89.592102093418319,36.135634865009919],[-89.692630060812874,36.224957235668064],[-89.554289200522405,36.27774947432988],[-89.611819150642319,36.309086658296508],[-89.600544161387504,36.342983843057901],[-89.522695218385778,36.344787855482743],[-89.539232188303842,36.497933732470379],[-88.050467050946281,36.50005205466082],[-88.033802978010129,36.55173230683905],[-88.070532746714804,36.678117944053263],[-87.849567561955467,36.663700651923463],[-87.853204614456487,36.633246470832624],[-86.50777114372589,36.652444851852344],[-83.690714129013372,36.582580614505957],[-81.646898963171893,36.611915927298234],[-81.734312008523773,36.413341976303933],[-81.705965996748319,36.338495977588302],[-81.833202019108526,36.347338897762285],[-81.90813701374843,36.302012829864218],[-82.028739954080706,36.124321733357007],[-82.12714590491224,36.104416685385381],[-82.211250860481428,36.159011681254071],[-82.297654769535072,36.133509478344266],[-82.40945764629376,36.08340809347397],[-82.464557673882709,36.006506971263995],[-82.557873763019785,35.95389993169956],[-82.610884810509546,35.974440870967776],[-82.5955247483097,36.026010818362735],[-82.628364766819288,36.062103784619083],[-82.779396980585958,35.992509782217809],[-82.816130037341779,35.923984887853997],[-82.86072404263669,35.947428862258221],[-82.910608083043343,35.926928891129819],[-82.899718121351114,35.874600946932681],[-82.978414264629336,35.782609012694614],[-83.161537402100777,35.763361826715631],[-83.255351351662895,35.716228896030458],[-83.297154004261756,35.657749430073274],[-83.347261755439774,35.660473855983589],[-83.498334090189189,35.56298161516078],[-83.77173633448858,35.562118183419088],[-84.021782379519564,35.407418056925131],[-84.023510194760973,35.295782981748658],[-84.097508128779182,35.247381886215415],[-84.178516136967573,35.240678818701468],[-84.223718177703191,35.269077738037218],[-84.283220136918047,35.226576744723403],[-84.321869000274447,34.988408051535245],[-90.309297368637033,34.995692170374035],[-90.30069732494718,35.02879136410224]]]}},
{"type":"Feature","properties":{"STUSPS":"TX","NAME":"Texas"},"geometry":{"type":"Polygon","coordinates":[[[-106.635880083720082,31.871513119546147],[-106.618486261472327,32.000493935700987],[-103.06442313348262,32.000517924126783],[-103.041925418406436,36.500436450494995],[-100.000408779560544,36.499700055594154],[-100.000383141987882,34.560507440507756],[-99.929336127537681,34.576712407922493],[-99.696464292352161,34.381034242835497],[-99.600028396868481,34.374686151439938],[-99.584482361353494,34.407671134196889],[-99.420434693257846,34.380462142605111],[-99.394958523702812,34.442097089014403],[-99.35040961953743,34.43708111264548],[-99.211603495796211,34.313968545836566],[-99.189514660124644,34.214310608144174],[-98.940223441752991,34.203684512584751],[-98.737235673879383,34.130990643480111],[-98.648076773053589,34.164439769817392],[-98.577139774170135,34.148960892447178],[-98.475069692217232,34.064268107012452],[-98.414429710899256,34.085073106746762],[-98.364026785708987,34.157108089697218],[-98.169123606863252,34.114170157033257],[-98.123380608054461,34.154539155232818],[-98.082842287713675,34.002411161291398],[-97.947575096853285,33.991052148481501],[-97.951218068038571,33.878423306257723],[-97.865768021082829,33.849392370026131],[-97.671774931537868,33.991369000584228],[-97.609093871709149,33.968091985158445],[-97.558272832593502,33.89709798031955],[-97.486507778443823,33.91699287248565],[-97.444195808606693,33.823771822086002],[-97.372943819172093,33.819452740290579],[-97.206143655833898,33.91427859024887],[-97.166631668472093,33.847309596193938],[-97.205654767346829,33.809822600072891],[-97.149396592279516,33.721965629082725],[-97.09107451978501,33.735113617003897],[-97.055840503104037,33.85573959400778],[-96.985569423685419,33.886520581017457],[-96.952315420382789,33.944580546899324],[-96.905255366782924,33.947217513957582],[-96.850595227118717,33.847209534366449],[-96.794278172813392,33.86888449568189],[-96.712424078381687,33.831631507517585],[-96.659898146434017,33.916664431071261],[-96.590114102723803,33.8806634626592],[-96.592928055384604,33.830914509492601],[-96.523865029575489,33.818112522770932],[-96.50228797977455,33.77345856726221],[-96.436457033505548,33.780048512080938],[-96.363137028010371,33.694213503828855],[-96.277271149462777,33.769733392795089],[-96.229025172920956,33.748019375412625],[-96.151632208142786,33.831944356052027],[-95.935327310926539,33.875097337401677],[-95.820598430325816,33.858463322658508],[-95.603659675895514,33.927193330407256],[-95.556917728535751,33.927018336819273],[-95.525324771233599,33.885485347041254],[-95.352341056024954,33.867787407923529],[-95.283448163447019,33.877744426618854],[-95.22639612999599,33.961952370648774],[-94.981653431017975,33.85228217331575],[-94.841637264741237,33.73942887295761],[-94.766149045554144,33.748028740943759],[-94.572874993334679,33.669884288822104],[-94.528931091037009,33.621838493932522],[-94.485878049640846,33.637865514349876],[-94.388055607776437,33.565509563951984],[-94.183398664240542,33.592210283760714],[-94.043431421293107,33.551423068642855],[-94.041833095075603,31.992401307725196],[-93.909557354214783,31.893142664677299],[-93.85339043677655,31.805465484237207],[-93.803419385931747,31.700684584198381],[-93.834923980675242,31.586210153946652],[-93.725925073591412,31.504091032742657],[-93.749475834479981,31.468689448119306],[-93.668146440707488,31.375101760855394],[-93.67544027767822,31.301039141030355],[-93.613942451693262,31.259373841484738],[-93.602443499981106,31.182539674907101],[-93.535097683380684,31.185612199130716],[-93.530937169404694,30.924531784125147],[-93.629906164830373,30.679937643113771],[-93.729197258844607,30.544839191252645],[-93.702667636384035,30.429943465060497],[-93.745335854055739,30.397018662286985],[-93.760331195876063,30.329920471490354],[-93.707193272265926,30.275509157365896],[-93.703943753151563,30.054285643014889],[-93.929212263235627,29.802945856839383],[-93.837975282344217,29.690612652415751],[-94.056510712165633,29.671156941170853],[-94.670394350646433,29.430775265463755],[-94.73105229950032,29.369136537765282],[-94.72253530054337,29.331441601468836],[-95.026224462177794,29.148060500043837],[-95.382395591551258,28.866345627184828],[-96.328822082823166,28.423657044340992],[-96.442853945497987,28.317663957960896],[-96.792163475130167,28.110494736330914],[-97.003330677526506,27.90830523254462],[-97.296063599008221,27.427171507350462],[-97.378704076905137,27.060038909377276],[-97.366880032894727,26.885576146981428],[-97.196946655576397,26.305860517534423],[-97.14558063627743,25.971127859128593],[-97.338359361515259,25.923121595920637],[-97.372877526344908,25.840113915130729],[-97.422649331186363,25.840375180987888],[-97.644022744990878,26.006611553566813],[-97.795301958829995,26.055215949468021],[-98.197055338941169,26.056151586645818],[-98.442545564464098,26.199149474228751],[-98.61347361690197,26.252025899283574],[-98.654228965897502,26.235957668195919],[-98.807356705144244,26.369419322916738],[-98.890973382661983,26.357567290357483],[-99.032325133350909,26.412080873212012],[-99.082010548090565,26.396508752610078],[-99.110863920190539,26.426276973044551],[-99.105041290924007,26.500334512847633],[-99.171413906205089,26.549847448267563],[-99.268623490464691,26.843213185773362],[-99.446979869643584,27.02602766665192],[-99.445246728293597,27.223342556062068],[-99.48794530230856,27.294942629427986],[-99.52966216456322,27.306052681135707],[-99.487528842330519,27.412397306049698],[-99.530145306893417,27.580208119033955],[-99.556819229797227,27.614337130051258],[-99.704608141704938,27.65495521921881],[-99.844743918365509,27.778810196951831],[-99.93216776390048,27.967711334895611],[-99.984929685863491,27.990730303428116],[-100.075480404141516,28.124883123573142],[-100.26761015624777,28.2502700511955],[-100.397276189482341,28.575638183977198],[-100.500360107304587,28.661961309712783],[-100.535836007862642,28.80588944574783],[-100.627211832855835,28.903735677072415],[-100.674661720288142,29.099779039506529],[-100.886847730261707,29.307850973251025],[-100.99561265478934,29.363406393425226],[-101.060156166425188,29.45866477318382],[-101.254899335605643,29.520347149710155],[-101.305536360473027,29.577930963414612],[-101.307334931217554,29.640722254720909],[-101.367200145477739,29.664048085419903],[-101.400637369269916,29.738086860850135],[-101.561568008313202,29.794667113429462],[-101.654575456979487,29.765173042032064],[-101.966158681711832,29.807352862631056],[-102.115672241069078,29.792398956063657],[-102.301371071330195,29.877681408546614],[-102.349851294556586,29.862323997200424],[-102.392895927160794,29.765575327475503],[-102.512677755177222,29.780308195090456],[-102.677184603758874,29.738265045347614],[-102.808685494080351,29.522321565430229],[-102.824557710728044,29.399559898568612],[-102.891017039610276,29.287113832501269],[-102.87134174043662,29.241625743573266],[-103.076353480305755,29.085721130732932],[-103.126747387849065,28.982122615076172],[-103.281191110408471,28.982136709539411],[-103.524615832375787,29.120999075134442],[-103.724746787122541,29.191472296757574],[-103.78903778388036,29.25750474302875],[-104.055598862059313,29.330912929273197],[-104.229082873562774,29.48105266576173],[-104.371176404250278,29.543065377496042],[-104.539761971562271,29.676076283245905],[-104.565688798967813,29.770464182512566],[-104.672327512512496,29.911113942295788],[-104.703998210268495,30.024211866818902],[-104.702788011779532,30.211737571306831],[-104.859521050515042,30.390413599550012],[-104.92479603338333,30.604831541139337],[-104.972071031193991,30.610259401386617],[-105.001239989100554,30.672582126082034],[-105.218660347182166,30.801565397863577],[-105.394242754940521,30.852976944117099],[-105.399609742358763,30.888938850227252],[-105.557431066639992,30.990226269913439],[-105.627350659881586,31.098542119490173],[-105.773259017546792,31.166893859823304],[-105.953943480394486,31.364748693963779],[-106.175675404552877,31.456278687070363],[-106.370139067302702,31.710709584480565],[-106.581344058182594,31.813905251714836],[-106.635880083720082,31.871513119546147]]]}},
{"type":"Feature","properties":{"STUSPS":"VA","NAME":"Virginia"},"geometry":{"type":"MultiPolygon","coordinates":[[[[-76.023465154545278,37.289066643139812],[-75.941173357754295,37.563839125443728],[-75.812145576775777,37.749502503726482],[-75.818115942869611,37.791698416469053],[-75.702904658543474,37.849659500953067],[-75.757685276384336,37.90391231995784],[-75.624332484507988,37.994211331976338],[-75.242256177042876,38.027210553300883],[-75.380627660057357,37.851703046299491],[-75.438990897903324,37.869335829611117],[-75.489259888309377,37.832457638013501],[-75.591942469543326,37.663178508134088],[-75.607813164505302,37.560706275603629],[-75.672866064369742,37.483695972257316],[-75.658368056931891,37.451814914573028],[-75.778806345235779,37.297175439127422],[-75.817376361270178,37.193436356217596],[-75.942388512084634,37.08960625631245],[-75.979597574098605,37.100447272425498],[-76.023465154545278,37.289066643139812]]],[[[-83.675413105578002,36.600813603950272],[-83.136393771755095,36.743085415285151],[-83.075588521063381,36.850586463920664],[-82.895443217052872,36.882142638774262],[-82.869180962083391,36.974179619111119],[-82.722251595517847,37.057945533870395],[-82.726291824859629,37.111849611575458],[-82.355340770045842,37.265217331727051],[-81.968295971298559,37.537795597673899],[-81.932277950746794,37.511958543967573],[-81.984889855115767,37.454312391421169],[-81.895999399674778,37.33196413603671],[-81.678602064467597,37.202464192141029],[-81.560624523756431,37.206660404629723],[-81.362155958626673,37.337684680877572],[-81.225104590440083,37.23487189600641],[-80.8354780169755,37.334822528354351],[-80.883246977173741,37.383931532524507],[-80.865146933407715,37.419925569329621],[-80.770080957686773,37.372361595414731],[-80.544834435328653,37.474693985137542],[-80.464818363172498,37.426143083015887],[-80.291641242376471,37.536504621240937],[-80.282436867396314,37.585480615707816],[-80.223382423157204,37.623184749865601],[-80.292254222761798,37.683731505506856],[-80.199628604771249,37.827506467466947],[-79.971227937774444,38.044325036693074],[-79.916171915843279,38.184384795851528],[-79.78754169352122,38.273295974343363],[-79.804092200724355,38.313920274917848],[-79.689673470228911,38.431437980601181],[-79.649072751044102,38.591514156822193],[-79.542567626032906,38.553216291314335],[-79.476638681872572,38.457228277340349],[-79.297758676689199,38.416438295582488],[-79.092955506740381,38.659517202009837],[-78.999014294131541,38.840074003444478],[-78.869276364461015,38.762991194168471],[-78.772793178255526,38.893742125772],[-78.561710855136042,39.009007088310312],[-78.413942460925782,39.158414971484817],[-78.401812137438455,39.276753889372628],[-78.340478905519916,39.353491850429258],[-78.347085622033958,39.466011767524549],[-77.828155879806815,39.132329424113351],[-77.719516777817333,39.321314673175955],[-77.588232746623248,39.301955339419564],[-77.459880706023412,39.218682154253045],[-77.521219845886336,39.161057301026183],[-77.519926854040719,39.12092534275066],[-77.462614692143319,39.076248352669715],[-77.248400224789833,39.026909247653983],[-77.249800253473865,38.985909246476794],[-77.146598219518879,38.964210214691782],[-77.039095897188588,38.86811210831695],[-77.05319573601777,38.709914939204403],[-77.132498300393067,38.673815854513727],[-77.130197373543396,38.63501685773867],[-77.246702191562989,38.635216739221477],[-77.295272741905237,38.562124756295077],[-77.317286961610279,38.383575936279207],[-77.265293572669236,38.333165044496305],[-77.04813435452634,38.360144993189969],[-76.962308657165053,38.214074974198141],[-76.838792568445925,38.163475925200167],[-76.613935661270986,38.148586717800789],[-76.491994339601675,38.017221225164882],[-76.236719216973484,37.889173253899891],[-76.251351966011271,37.833071023086021],[-76.310301135785195,37.794848132343411],[-76.329113983072048,37.670974945570372],[-76.279440604990384,37.618223690328499],[-76.297953667511919,37.557634641456382],[-76.248452061276694,37.375133448136644],[-76.275543482541508,37.309962325666376],[-76.393950893643719,37.395938257588995],[-76.437517874607593,37.379748123660221],[-76.362281293562575,37.270223922070414],[-76.39412303567812,37.2251477821763],[-76.271252140820692,37.084542323468888],[-76.304261885935844,37.001376358602712],[-76.189948957953462,36.931445474821508],[-75.996242143175721,36.922045871608248],[-75.867037167170992,36.550750881855997],[-80.295243231196395,36.543972242630545],[-81.677535019568325,36.588117047347176],[-81.646898963171893,36.611915927298234],[-83.675413105578002,36.600813603950272]]]]}},
{"type":"Feature","properties":{"STUSPS":"VT","NAME":"Vermont"},"geometry":{"type":"Polygon","coordinates":[[[-73.436878489727178,44.042575663943325],[-73.31661759971557,44.257766784636985],[-73.334636827623314,44.356874852691853],[-73.293613179644339,44.440556699888667],[-73.38996606305804,44.61961740403261],[-73.334430446341855,44.802184324532824],[-73.379822154405105,44.857034156722541],[-73.338979176039544,44.917678355518952],[-73.343123771268594,45.010837772590428],[-71.501084779584957,45.013374408259942],[-71.531606008332403,44.976021543343727],[-71.494403851770031,44.911835616452557],[-71.626909752782169,44.747222569164606],[-71.551721977013401,44.627596468324398],[-71.579973578059352,44.501776336356819],[-71.818837617092512,44.352936978916446],[-72.002314537411692,44.32486880862082],[-72.046302245852715,44.291980914601176],[-72.061337782283573,44.18494892238661],[-72.036882619623114,44.103116851293656],[-72.116704772007992,43.991951679165254],[-72.105873821806782,43.949367723043409],[-72.183331620284562,43.808174837094668],[-72.284803842546964,43.720358015777968],[-72.329521194842584,43.60839119272098],[-72.379439270353174,43.57406726020433],[-72.402531669201636,43.320378373655679],[-72.451802090506661,43.153484566352333],[-72.444977097491218,43.004414718649215],[-72.532186342077722,42.954944133610127],[-72.556112015136875,42.866251595576905],[-72.53959970840711,42.804831929691495],[-72.458518364311487,42.726853082448812],[-73.264956740013105,42.745939721083431],[-73.290943821128593,42.801919709437094],[-73.242041143077444,43.534923778028897],[-73.327700955730705,43.625911629908458],[-73.395766055340829,43.568085918488087],[-73.424975953631943,43.59877386953562],[-73.350705637686517,43.770461220099726],[-73.390300512399278,43.817369127144318],[-73.374049499952008,43.875560924477256],[-73.436878489727178,44.042575663943325]]]}},
{"type":"Feature","properties":{"STUSPS":"WI","NAME":"Wisconsin"},"geometry":{"type":"MultiPolygon","coordinates":[[[[-86.934276453133705,45.421148981171001],[-86.835749280279103,45.450187992076167],[-86.805868385007315,45.412902999670699],[-86.899891848266606,45.295184997479417],[-86.956198696876228,45.352005984420977],[-86.934276453133705,45.421148981171001]]],[[[-90.776922721157817,47.024326049506357],[-90.65042373741359,47.054680174283824],[-90.560937818358482,47.037015324223667],[-90.511624951189972,46.961409379093965],[-90.54910595939613,46.915463258554581],[-90.637125819438666,46.906726100734303],[-90.776922721157817,47.024326049506357]]],[[[-92.881135482040747,45.57340954119244],[-92.869688308621875,45.715142860619949],[-92.776495127077482,45.79001529425225],[-92.721127565879343,45.883806325637245],[-92.545682285489193,45.970119890372828],[-92.351760836804118,46.015686871019319],[-92.294033855429902,46.074378723986214],[-92.292192056077184,46.663243197546194],[-92.205492394392508,46.664742509845951],[-92.143338929537578,46.731597648926709],[-91.961890772957361,46.68254100316851],[-91.511077435852513,46.757454622677493],[-91.211648509399751,46.866825651387067],[-91.1676025686765,46.844761733590509],[-90.984618951450173,46.925604213150159],[-90.989377043983382,46.982276305662992],[-90.924129965972043,47.001890245162329],[-90.745306626168826,46.894255905556356],[-90.8808426029522,46.739958838688615],[-90.852705573574568,46.69958376964226],[-90.955651505875963,46.592504730963292],[-90.898309523350065,46.583051677623601],[-90.794776564488529,46.62494264405629],[-90.737261580495598,46.692268693271672],[-90.565562292417553,46.584893821029425],[-90.418139177295288,46.566096050743546],[-90.387231514887262,46.53366508614463],[-90.331890873495837,46.553280217943581],[-90.21487030390135,46.499949195222293],[-90.120491117756458,46.336853605349276],[-89.09163117521112,46.138505559478652],[-88.657763115575094,45.989287036190845],[-88.526675923017223,46.020821533495372],[-88.178008661066357,45.947110517553917],[-88.073944398979535,45.875592608227002],[-88.135067413571733,45.821693459016302],[-88.10551835049786,45.798838498706537],[-87.995876229293273,45.795434718126955],[-87.805075893302273,45.703555901332862],[-87.781006818213129,45.673933915459223],[-87.824675769915032,45.653210847590898],[-87.777670681304784,45.609203886603453],[-87.863488043893909,45.353019937399665],[-87.657348670410258,45.368752201856111],[-87.74180478339126,45.197051639537847],[-87.648191701222487,45.106368950825157],[-87.590208894021544,45.095265011751842],[-87.630299609427809,44.976866372424588],[-87.812991091660976,44.954013613327788],[-87.843435577969274,44.924355381284471],[-87.838362033368611,44.873987666114203],[-87.983499592569729,44.72019626325762],[-87.998720687053023,44.609289335826311],[-88.041206933634669,44.572582250353804],[-88.005522070168638,44.539218051903227],[-87.943804848962387,44.529695251125581],[-87.866888030043484,44.608435850255965],[-87.775163570112468,44.639283108295857],[-87.581308452561657,44.851792634585763],[-87.446479299739806,44.886110407871442],[-87.393407093478984,44.934394165484186],[-87.26487852857116,45.081361464029634],[-87.238225153352928,45.167259273234968],[-87.121610094015622,45.209783113288594],[-87.057627849104151,45.292838014363724],[-86.97778091191455,45.290683986957859],[-86.978760149513334,45.227333006983997],[-87.044171297526248,45.186946071754861],[-87.063158780300398,45.07931619051196],[-87.446966714145432,44.586276075803909],[-87.54538569506424,44.321388109538745],[-87.507422435570874,44.210806517026434],[-87.655185123969005,44.081897562031109],[-87.736017436737285,43.873724765875814],[-87.706203167466185,43.679545889677847],[-87.790133588493006,43.563057700827478],[-87.793237259248272,43.492786654541433],[-87.88920454138038,43.307655204960653],[-87.900481774208458,43.125913176443653],[-87.870180421630877,43.064415283734213],[-87.895780285899832,43.015817258927548],[-87.842676477732354,42.944119379725507],[-87.834873540319933,42.856720403297352],[-87.766668008263466,42.78489957947555],[-87.814667745155035,42.644022431265114],[-87.800470729488438,42.491921745280713],[-90.642844096868373,42.50848189221],[-90.700857088062364,42.626446394453133],[-91.017241254849822,42.719567692797874],[-91.138000516656291,42.903774605243676],[-91.174692193174067,43.038715471686729],[-91.17525330510631,43.134667324415879],[-91.057910020453718,43.253970026452386],[-91.207367095226772,43.373660931063831],[-91.273251705872099,43.666623656934455],[-91.243954530061131,43.773047018856218],[-91.291001475460178,43.852734200081997],[-91.440536176523167,44.001502698350933],[-91.573283521626351,44.026902427126139],[-91.817302001155497,44.164235608658643],[-91.892697709774382,44.231105503947951],[-91.916190356782266,44.318094488193054],[-91.963599291873422,44.362112379092792],[-92.232471382246686,44.445434196154849],[-92.361517070239785,44.558935531582087],[-92.549279335298323,44.577704570385833],[-92.80528692078056,44.768361346301646],[-92.750802566399344,44.941567754752185],[-92.761904826925417,45.022467919581736],[-92.802911831407144,45.065403911118899],[-92.740509878209494,45.113397168212735],[-92.76186881505393,45.284939295389201],[-92.646767532121075,45.43793031414198],[-92.756905256655585,45.557499817283251],[-92.881135482040747,45.57340954119244]]]]}},
{"type":"Feature","properties":{"STUSPS":"WV","NAME":"West Virginia"},"geometry":{"type":"Polygon","coordinates":[[[-82.626180905569726,38.134833128879421],[-82.571876033526607,38.315779066445401],[-82.59367198695017,38.421807195451173],[-82.560662981606797,38.404336152413023],[-82.323997848136401,38.449266052892263],[-82.274268564505306,38.593680791540855],[-82.17516541446426,38.608481771566773],[-82.209288222699854,38.802669591511901],[-82.161568310132239,38.82462974794953],[-82.041562113697253,39.017876375458933],[-81.941828083246904,38.993293428040808],[-81.898468753581042,38.929601380645529],[-81.827352648615815,38.94589651086936],[-81.775732587126228,38.980735662901083],[-81.807853384299364,39.083976915208147],[-81.742951087020913,39.106577029470742],[-81.752751755647736,39.184675249472868],[-81.67832869280204,39.273754265141669],[-81.565244992029633,39.276174023446934],[-81.559644904393053,39.33077300677283],[-81.456140783731769,39.409272828569691],[-81.347564938814585,39.345768695668632],[-81.249085874185113,39.389990559523611],[-81.12853078853972,39.449373494095525],[-80.865572880494526,39.662749200868952],[-80.82976194403075,39.711837118038943],[-80.86993093185626,39.763552992140546],[-80.824966955461093,39.801089892787367],[-80.803391894675826,39.918759579162682],[-80.740123825112988,39.970790571140164],[-80.736801813580385,40.080069690506512],[-80.606594054989458,40.303867253395978],[-80.631594008237997,40.385466274046792],[-80.604893005293121,40.446665330519671],[-80.667955127187327,40.58249441924346],[-80.627169201370521,40.619934482055505],[-80.518989199380911,40.638799565649364],[-80.519339875304439,39.721401450207502],[-79.476661829841348,39.721076580332472],[-79.486872400193008,39.205960562803043],[-79.28372169370418,39.309638888140476],[-79.091327056166762,39.47240555023189],[-78.956749162248443,39.440262781033333],[-78.771138358835998,39.638386104868815],[-78.707096132514707,39.555856158320928],[-78.460949542516232,39.525986651945765],[-78.382957654048056,39.622245662299207],[-78.082258307183892,39.671166018036942],[-78.006732090996692,39.601337071897611],[-77.829811468124859,39.587288173714285],[-77.719516777817333,39.321314673175955],[-77.828155879806815,39.132329424113351],[-78.347085622033958,39.466011767524549],[-78.340478905519916,39.353491850429258],[-78.401812137438455,39.276753889372628],[-78.413942460925782,39.158414971484817],[-78.561710855136042,39.009007088310312],[-78.772793178255526,38.893742125772],[-78.869276364461015,38.762991194168471],[-78.999014294131541,38.840074003444478],[-79.092955506740381,38.659517202009837],[-79.297758676689199,38.416438295582488],[-79.476638681872572,38.457228277340349],[-79.542567626032906,38.553216291314335],[-79.649072751044102,38.591514156822193],[-79.689673470228911,38.431437980601181],[-79.804092200724355,38.313920274917848],[-79.78754169352122,38.273295974343363],[-79.916171915843279,38.184384795851528],[-79.971227937774444,38.044325036693074],[-80.199628604771249,37.827506467466947],[-80.292254222761798,37.683731505506856],[-80.223382423157204,37.623184749865601],[-80.282436867396314,37.585480615707816],[-80.291641242376471,37.536504621240937],[-80.464818363172498,37.426143083015887],[-80.544834435328653,37.474693985137542],[-80.770080957686773,37.372361595414731],[-80.865146933407715,37.419925569329621],[-80.883246977173741,37.383931532524507],[-80.8354780169755,37.334822528354351],[-81.225104590440083,37.23487189600641],[-81.362155958626673,37.337684680877572],[-81.560624523756431,37.206660404629723],[-81.678602064467597,37.202464192141029],[-81.774745546862121,37.274844208859456],[-81.849947371203569,37.2852241028938],[-81.984889855115767,37.454312391421169],[-81.932277950746794,37.511958543967573],[-82.064416732380423,37.544513672711034],[-82.296116274635551,37.686171994271902],[-82.418688653827616,37.872373050732584],[-82.487554775342161,37.916973044374387],[-82.464985827881279,37.976857050480717],[-82.626180905569726,38.134833128879421]]]}}
]
}
